"Symbol","Name","LastSale","MarketCap","ADR TSO","IPOyear","Sector","Industry","Summary Quote",
"MMM","3M Company","207.92","121069141109.2","n/a","n/a","Health Care","Medical/Dental Instruments","https://www.nasdaq.com/symbol/mmm",
"ABB","ABB Ltd","20.28","43232977129.68","n/a","n/a","Consumer Durables","Electrical Products","https://www.nasdaq.com/symbol/abb",
"ABT","Abbott Laboratories","74.05","130056461019.6","n/a","n/a","Health Care","Major Pharmaceuticals","https://www.nasdaq.com/symbol/abt",
"ABBV","AbbVie Inc.","94.27","141802473146.29","n/a","2012","Health Care","Major Pharmaceuticals","https://www.nasdaq.com/symbol/abbv",
"ABMD","ABIOMED, Inc.","332.68","14983749842.36","n/a","n/a","Health Care","Medical/Dental Instruments","https://www.nasdaq.com/symbol/abmd",
"ACN","Accenture plc","164.52","105126772667.76","n/a","2001","Miscellaneous","Business Services","https://www.nasdaq.com/symbol/acn",
"ATVI","Activision Blizzard, Inc","49.88","38060969813.84","n/a","n/a","Technology","Computer Software: Prepackaged Software","https://www.nasdaq.com/symbol/atvi",
"ADBE","Adobe Inc.","250.89","122467820589.03","n/a","1986","Technology","Computer Software: Prepackaged Software","https://www.nasdaq.com/symbol/adbe",
"AAP","Advance Auto Parts Inc","177.71","12953942803.49","n/a","n/a","Consumer Services","Other Specialty Stores","https://www.nasdaq.com/symbol/aap",
"AMD","Advanced Micro Devices, Inc.","21.3","21287373700.8","n/a","n/a","Technology","Semiconductors","https://www.nasdaq.com/symbol/amd",
"AEG","Aegon NV","5.52","11150981300.16","n/a","n/a","Finance","Life Insurance","https://www.nasdaq.com/symbol/aeg",
"AFL","Aflac Incorporated","45.74","34820917240.3","n/a","n/a","Finance","Accident &Health Insurance","https://www.nasdaq.com/symbol/afl",
"A","Agilent Technologies, Inc.","72.35","23007300000","n/a","1999","Capital Goods","Biotechnology: Laboratory Analytical Instruments","https://www.nasdaq.com/symbol/a",
"APD","Air Products and Chemicals, Inc.","160.87","35316359292.84","n/a","n/a","Basic Industries","Major Chemicals","https://www.nasdaq.com/symbol/apd",
"AKAM","Akamai Technologies, Inc.","68.75","11197039287.5","n/a","1999","Miscellaneous","Business Services","https://www.nasdaq.com/symbol/akam",
"ALB","Albemarle Corporation","96.32","10229750843.2","n/a","n/a","Basic Industries","Major Chemicals","https://www.nasdaq.com/symbol/alb",
"ARE","Alexandria Real Estate Equities, Inc.","124.5","13387061824.5","n/a","n/a","Consumer Services","Real Estate Investment Trusts","https://www.nasdaq.com/symbol/are",
"ALXN","Alexion Pharmaceuticals, Inc.","123.15","27474350230.8","n/a","1996","Health Care","Major Pharmaceuticals","https://www.nasdaq.com/symbol/alxn",
"ALGN","Align Technology, Inc.","229.89","18387609348.09","n/a","2001","Health Care","Industrial Specialties","https://www.nasdaq.com/symbol/algn",
"AGN","Allergan plc.","156.6","52818980083.2","n/a","2013","Health Care","Major Pharmaceuticals","https://www.nasdaq.com/symbol/agn",
"ADS","Alliance Data Systems Corporation","200.36","10914314867.92","n/a","2001","Miscellaneous","Business Services","https://www.nasdaq.com/symbol/ads",
"LNT","Alliant Energy Corporation","45.39","10709155329.33","n/a","n/a","Public Utilities","Power Generation","https://www.nasdaq.com/symbol/lnt",
"ALL","Allstate Corporation (The)","89.19","30720806061.3","n/a","n/a","Finance","Property-Casualty Insurers","https://www.nasdaq.com/symbol/all",
"ALLY","Ally Financial Inc.","26.68","11021020636.44","n/a","2014","Finance","Major Banks","https://www.nasdaq.com/symbol/ally",
"AABA","Altaba Inc.","65.59","39524358940.29","n/a","n/a","Technology","EDP Services","https://www.nasdaq.com/symbol/aaba",
"ATUS","Altice USA, Inc.","17.69","12650126270.59","n/a","2017","Consumer Services","Television Services","https://www.nasdaq.com/symbol/atus",
"MO","Altria Group","54.83","103028063723.23","n/a","n/a","Consumer Non-Durables","Farming/Seeds/Milling","https://www.nasdaq.com/symbol/mo",
"ABEV","Ambev S.A.","4.27","67125331705.46","n/a","2013","Consumer Non-Durables","Beverages (Production/Distribution)","https://www.nasdaq.com/symbol/abev",
"AEE","Ameren Corporation","68.62","16763577247.04","n/a","n/a","Public Utilities","Power Generation","https://www.nasdaq.com/symbol/aee",
"AMOV","America Movil, S.A.B. de C.V.","13.36","44115141761.84","n/a","n/a","Public Utilities","Telecommunications Equipment","https://www.nasdaq.com/symbol/amov",
"AMOV","America Movil, S.A.B. de C.V.","13.36","44115141761.84","n/a","n/a","Public Utilities","Telecommunications Equipment","https://www.nasdaq.com/symbol/amov",
"AMX","America Movil, S.A.B. de C.V.","13.45","44412324603.05","n/a","n/a","Public Utilities","Telecommunications Equipment","https://www.nasdaq.com/symbol/amx",
"AAL","American Airlines Group, Inc.","40.16","18496951554.08","n/a","n/a","Transportation","Air Freight/Delivery Services","https://www.nasdaq.com/symbol/aal",
"AEP","American Electric Power Company, Inc.","77.74","38334280210.98","n/a","n/a","Public Utilities","Electric Utilities: Central","https://www.nasdaq.com/symbol/aep",
"AXP","American Express Company","112.27","95907972622.81","n/a","n/a","Finance","Finance: Consumer Services","https://www.nasdaq.com/symbol/axp",
"AIG","American International Group, Inc.","43.25","38261046327.5","n/a","n/a","Finance","Property-Casualty Insurers","https://www.nasdaq.com/symbol/aig",
"AMT","American Tower Corporation (REIT)","164.49","72455848255.89","n/a","n/a","Consumer Services","Real Estate Investment Trusts","https://www.nasdaq.com/symbol/amt",
"AWK","American Water Works","95.41","17230930935.54","n/a","2008","Public Utilities","Water Supply","https://www.nasdaq.com/symbol/awk",
"AMP","AMERIPRISE FINANCIAL SERVICES, INC.","129.75","18081488358.75","n/a","n/a","Finance","Investment Managers","https://www.nasdaq.com/symbol/amp",
"ABC","AmerisourceBergen Corporation (Holding Co)","88.9","18840887527.7","n/a","n/a","Health Care","Other Pharmaceuticals","https://www.nasdaq.com/symbol/abc",
"AMGN","Amgen Inc.","208.25","132700907563","n/a","1983","Health Care","Biotechnology: Biological Products (No Diagnostic Substances)","https://www.nasdaq.com/symbol/amgn",
"APH","Amphenol Corporation","87.94","26498708515.72","n/a","n/a","Capital Goods","Electrical Products","https://www.nasdaq.com/symbol/aph",
"AME","AMTEK, Inc.","73.43","17044275823.96","n/a","n/a","Consumer Durables","Metal Fabrications","https://www.nasdaq.com/symbol/ame",
"APC","Anadarko Petroleum Corporation","52.9","26676459715.8","n/a","n/a","Energy","Oil & Gas Production","https://www.nasdaq.com/symbol/apc",
"ADI","Analog Devices, Inc.","91.92","34025066111.76","n/a","n/a","Technology","Semiconductors","https://www.nasdaq.com/symbol/adi",
"BUD","Anheuser-Busch Inbev SA","76.87","150396155000","n/a","n/a","Consumer Non-Durables","Beverages (Production/Distribution)","https://www.nasdaq.com/symbol/bud",
"NLY","Annaly Capital Management Inc","10.04","13189775897.96","n/a","n/a","Consumer Services","Real Estate Investment Trusts","https://www.nasdaq.com/symbol/nly",
"ANSS","ANSYS, Inc.","162.02","13538394116.36","n/a","1996","Technology","Computer Software: Prepackaged Software","https://www.nasdaq.com/symbol/anss",
"ANTM","Anthem, Inc.","290.07","75024312496.65","n/a","n/a","Health Care","Medical Specialities","https://www.nasdaq.com/symbol/antm",
"AON","Aon plc","165.11","39765771662.54","n/a","n/a","Finance","Specialty Insurers","https://www.nasdaq.com/symbol/aon",
"APA","Apache Corporation","35.13","13333368143.46","n/a","n/a","Energy","Oil & Gas Production","https://www.nasdaq.com/symbol/apa",
"APO","Apollo Global Management, LLC","28.19","11534437463","n/a","2011","Finance","Investment Managers","https://www.nasdaq.com/symbol/apo",
"AMAT","Applied Materials, Inc.","37.28","36645886622.88","n/a","1972","Technology","Semiconductors","https://www.nasdaq.com/symbol/amat",
"APTV","Aptiv PLC","71.9","18943657722.9","n/a","2011","Capital Goods","Auto Parts:O.E.M.","https://www.nasdaq.com/symbol/aptv",
"MT","ArcelorMittal","22.97","23275584220.31","n/a","n/a","Basic Industries","Steel/Iron Ore","https://www.nasdaq.com/symbol/mt",
"ACGL","Arch Capital Group Ltd.","28.62","11583207176.4","n/a","n/a","Finance","Property-Casualty Insurers","https://www.nasdaq.com/symbol/acgl",
"ADM","Archer-Daniels-Midland Company","46.02","25800854137.5","n/a","n/a","Consumer Non-Durables","Packaged Foods","https://www.nasdaq.com/symbol/adm",
"ARNC","Arconic Inc.","21.48","10380046107.6","n/a","n/a","Capital Goods","Metal Fabrications","https://www.nasdaq.com/symbol/arnc",
"ANET","Arista Networks, Inc.","238.48","17987902504","n/a","2014","Technology","Computer Communications Equipment","https://www.nasdaq.com/symbol/anet",
"AJG","Arthur J. Gallagher & Co.","77.07","14154059640","n/a","n/a","Finance","Specialty Insurers","https://www.nasdaq.com/symbol/ajg",
"ASML","ASML Holding N.V.","171.35","12407889243.05","72412543","1995","Technology","Industrial Machinery/Components","https://www.nasdaq.com/symbol/asml",
"AZN","Astrazeneca PLC","39.82","100887803073.2","n/a","n/a","Health Care","Major Pharmaceuticals","https://www.nasdaq.com/symbol/azn",
"TEAM","Atlassian Corporation Plc","85.94","20466316655.5","n/a","2015","Technology","Computer Software: Prepackaged Software","https://www.nasdaq.com/symbol/team",
"ATO","Atmos Energy Corporation","95.67","10653108025.5","n/a","n/a","Public Utilities","Oil/Gas Transmission","https://www.nasdaq.com/symbol/ato",
"ADSK","Autodesk, Inc.","144.5","31590103468.5","n/a","n/a","Technology","Computer Software: Prepackaged Software","https://www.nasdaq.com/symbol/adsk",
"ADP","Automatic Data Processing, Inc.","147.42","64530525002.58","n/a","n/a","Technology","EDP Services","https://www.nasdaq.com/symbol/adp",
"AZO","AutoZone, Inc.","809.07","20679305731.71","n/a","n/a","Consumer Services","Other Specialty Stores","https://www.nasdaq.com/symbol/azo",
"AVB","AvalonBay Communities, Inc.","190.57","26341074593.19","n/a","n/a","Consumer Services","Real Estate Investment Trusts","https://www.nasdaq.com/symbol/avb",
"AGR","Avangrid, Inc.","50.38","15567685603.36","n/a","2015","Public Utilities","Electric Utilities: Central","https://www.nasdaq.com/symbol/agr",
"EQH","AXA Equitable Holdings, Inc.","19.68","11002022229.6","n/a","2018","Finance","Specialty Insurers","https://www.nasdaq.com/symbol/eqh",
"BIDU","Baidu, Inc.","188.28","52857053157.6","280736420","2005","Technology","Computer Software: Programming, Data Processing","https://www.nasdaq.com/symbol/bidu",
"BHGE","Baker Hughes, a GE company","22.82","25100439226.1","n/a","2017","Energy","Metal Fabrications","https://www.nasdaq.com/symbol/bhge",
"BLL","Ball Corporation","49.11","16657680175.77","n/a","n/a","Consumer Durables","Containers/Packaging","https://www.nasdaq.com/symbol/bll",
"BBVA","Banco Bilbao Viscaya Argentaria S.A.","5.66","37740880000","n/a","n/a","Finance","Commercial Banks","https://www.nasdaq.com/symbol/bbva",
"BBD","Banco Bradesco Sa","9.96","66668066481.12","n/a","n/a","Finance","Major Banks","https://www.nasdaq.com/symbol/bbd",
"BBDO","Banco Bradesco Sa","8.9","59572870650.8","n/a","n/a","Finance","Major Banks","https://www.nasdaq.com/symbol/bbdo",
"BCH","Banco De Chile","29.14","44154610252.2","n/a","n/a","Finance","Commercial Banks","https://www.nasdaq.com/symbol/bch",
"BSBR","Banco Santander Brasil SA","11.2","83735812115.2","n/a","2009","Finance","Commercial Banks","https://www.nasdaq.com/symbol/bsbr",
"BSAC","Banco Santander Chile","30.96","14585730183.36","n/a","n/a","Finance","Commercial Banks","https://www.nasdaq.com/symbol/bsac",
"SAN","Banco Santander, S.A.","4.76","77286091963.92","n/a","n/a","Finance","Commercial Banks","https://www.nasdaq.com/symbol/san",
"BMO","Bank Of Montreal","74.5","47630057062.5","n/a","n/a","Finance","Commercial Banks","https://www.nasdaq.com/symbol/bmo",
"BK","Bank Of New York Mellon Corporation (The)","51.31","50734173268.45","n/a","n/a","Finance","Major Banks","https://www.nasdaq.com/symbol/bk",
"BNS","Bank of Nova Scotia (The)","54.38","66725762193.12","n/a","n/a","Finance","Major Banks","https://www.nasdaq.com/symbol/bns",
"BCS","Barclays PLC","8.27","35412951113.33","n/a","n/a","Finance","Commercial Banks","https://www.nasdaq.com/symbol/bcs",
"ABX","Barrick Gold Corporation","12.75","14886814218","n/a","n/a","Basic Industries","Precious Metals","https://www.nasdaq.com/symbol/abx",
"BAX","Baxter International Inc.","68.55","36478265412.9","n/a","n/a","Health Care","Medical/Dental Instruments","https://www.nasdaq.com/symbol/bax",
"BBT","BB&T Corporation","51.1","39378669122.8","n/a","n/a","Finance","Major Banks","https://www.nasdaq.com/symbol/bbt",
"BCE","BCE, Inc.","42.88","38508603717.12","n/a","n/a","Public Utilities","Telecommunications Equipment","https://www.nasdaq.com/symbol/bce",
"BDX","Becton, Dickinson and Company","252.75","67802194335","n/a","n/a","Health Care","Medical/Dental Instruments","https://www.nasdaq.com/symbol/bdx",
"BBY","Best Buy Co., Inc.","64.59","17534043518.55","n/a","n/a","Consumer Services","Consumer Electronics/Video Chains","https://www.nasdaq.com/symbol/bby",
"BHP","BHP Billiton Limited","44.36","118076695077.72","n/a","n/a","Basic Industries","Precious Metals","https://www.nasdaq.com/symbol/bhp",
"BBL","BHP Group Plc","38.66","102903727038.6","n/a","n/a","Energy","Coal Mining","https://www.nasdaq.com/symbol/bbl",
"BIIB","Biogen Inc.","333.72","67238771603.4","n/a","n/a","Health Care","Biotechnology: Biological Products (No Diagnostic Substances)","https://www.nasdaq.com/symbol/biib",
"BMRN","BioMarin Pharmaceutical Inc.","96.03","17099304039.18","n/a","1999","Health Care","Major Pharmaceuticals","https://www.nasdaq.com/symbol/bmrn",
"BLK","BlackRock, Inc.","428.01","67916170113.33","n/a","1999","Finance","Investment Bankers/Brokers/Service","https://www.nasdaq.com/symbol/blk",
"BA","Boeing Company (The)","346.76","196919930554.44","n/a","n/a","Capital Goods","Aerospace","https://www.nasdaq.com/symbol/ba",
"BKNG","Booking Holdings Inc.","1891.88","87650017161.68","n/a","n/a","Miscellaneous","Business Services","https://www.nasdaq.com/symbol/bkng",
"BXP","Boston Properties, Inc.","131.2","20262593600","n/a","1997","Consumer Services","Real Estate Investment Trusts","https://www.nasdaq.com/symbol/bxp",
"BSX","Boston Scientific Corporation","37.67","52127775420.27","n/a","n/a","Health Care","Medical/Dental Instruments","https://www.nasdaq.com/symbol/bsx",
"BP","BP p.l.c.","40.35","134914704576.3","n/a","n/a","Energy","Integrated oil Companies","https://www.nasdaq.com/symbol/bp",
"BAK","Braskem S.A.","28.18","11211887551.2","n/a","n/a","Basic Industries","Major Chemicals","https://www.nasdaq.com/symbol/bak",
"BMY","Bristol-Myers Squibb Company","53.46","87257346458.04","n/a","n/a","Health Care","Major Pharmaceuticals","https://www.nasdaq.com/symbol/bmy",
"BTI","British American Tobacco p.l.c.","34.87","79983696750.43","n/a","n/a","Consumer Non-Durables","Farming/Seeds/Milling","https://www.nasdaq.com/symbol/bti",
"AVGO","Broadcom Inc.","237.41","98156394104.55","n/a","2009","Technology","Semiconductors","https://www.nasdaq.com/symbol/avgo",
"BR","Broadridge Financial Solutions, Inc.","105.87","12360376811.31","n/a","n/a","Miscellaneous","Business Services","https://www.nasdaq.com/symbol/br",
"BAM","Brookfield Asset Management Inc","43.88","43594227682.44","n/a","n/a","Consumer Services","Building operators","https://www.nasdaq.com/symbol/bam",
"BIP","Brookfield Infrastructure Partners LP","38.17","10568455245.92","n/a","n/a","Consumer Services","Marine Transportation","https://www.nasdaq.com/symbol/bip",
"BT","BT Group plc","16.71","33159021298.35","n/a","n/a","Public Utilities","Telecommunications Equipment","https://www.nasdaq.com/symbol/bt",
"BURL","Burlington Stores, Inc.","165.76","11173533006.72","n/a","2013","Consumer Services","Department/Specialty Retail Stores","https://www.nasdaq.com/symbol/burl",
"CHRW","C.H. Robinson Worldwide, Inc.","92.33","12695780605.69","n/a","1997","Transportation","Oil Refining/Marketing","https://www.nasdaq.com/symbol/chrw",
"COG","Cabot Oil & Gas Corporation","25.16","10848485579.52","n/a","1990","Energy","Oil & Gas Production","https://www.nasdaq.com/symbol/cog",
"CDNS","Cadence Design Systems, Inc.","45.04","12707675680","n/a","n/a","Technology","Computer Software: Prepackaged Software","https://www.nasdaq.com/symbol/cdns",
"CPB","Campbell Soup Company","39.2","11785720256.8","n/a","n/a","Consumer Non-Durables","Packaged Foods","https://www.nasdaq.com/symbol/cpb",
"CM","Canadian Imperial Bank of Commerce","83.88","37107891959.04","n/a","n/a","Finance","Commercial Banks","https://www.nasdaq.com/symbol/cm",
"CNI","Canadian National Railway Company","85.82","62612312729.4","n/a","n/a","Transportation","Railroads","https://www.nasdaq.com/symbol/cni",
"CNQ","Canadian Natural Resources Limited","25.15","30505436850.25","n/a","n/a","Energy","Oil & Gas Production","https://www.nasdaq.com/symbol/cnq",
"CP","Canadian Pacific Railway Limited","211.54","30164824263.56","n/a","n/a","Transportation","Railroads","https://www.nasdaq.com/symbol/cp",
"CAJ","Canon, Inc.","28.29","30546181307.58","n/a","n/a","Miscellaneous","Industrial Machinery/Components","https://www.nasdaq.com/symbol/caj",
"CGC","Canopy Growth Corporation","33.55","11497047529","n/a","n/a","Consumer Durables","Specialty Chemicals","https://www.nasdaq.com/symbol/cgc",
"COF","Capital One Financial Corporation","89.68","42477515009.68","n/a","1994","Finance","Major Banks","https://www.nasdaq.com/symbol/cof",
"CAH","Cardinal Health, Inc.","54.83","16336122904.58","n/a","n/a","Health Care","Other Pharmaceuticals","https://www.nasdaq.com/symbol/cah",
"KMX","CarMax Inc","66.07","11537225525.01","n/a","n/a","Consumer Durables","Automotive Aftermarket","https://www.nasdaq.com/symbol/kmx",
"CCL","Carnival Corporation","60.29","43720781457.2","n/a","1987","Consumer Services","Marine Transportation","https://www.nasdaq.com/symbol/ccl",
"CUK","Carnival Corporation","59.39","42880006538.98","n/a","n/a","Consumer Services","Marine Transportation","https://www.nasdaq.com/symbol/cuk",
"CAT","Caterpillar, Inc.","135.67","80059777481.37","n/a","n/a","Capital Goods","Construction/Ag Equipment/Trucks","https://www.nasdaq.com/symbol/cat",
"CBOE","Cboe Global Markets, Inc.","107.62","12033933875","n/a","2010","n/a","n/a","https://www.nasdaq.com/symbol/cboe",
"CBRE","CBRE Group, Inc.","43.68","14889651591.36","n/a","n/a","Finance","Real Estate","https://www.nasdaq.com/symbol/cbre",
"CBS","CBS Corporation","54.18","20279316265.74","n/a","n/a","Consumer Services","Broadcasting","https://www.nasdaq.com/symbol/cbs",
"CDW","CDW Corporation","92.68","13900588390.92","n/a","2013","Consumer Services","Catalog/Specialty Distribution","https://www.nasdaq.com/symbol/cdw",
"CE","Celanese Corporation","100.93","13500192214.89","n/a","2005","Basic Industries","Major Chemicals","https://www.nasdaq.com/symbol/ce",
"CELG","Celgene Corporation","72.22","50499967884.8","n/a","1987","Health Care","Major Pharmaceuticals","https://www.nasdaq.com/symbol/celg",
"CNC","Centene Corporation","142.25","29211800955.75","n/a","n/a","Health Care","Medical Specialities","https://www.nasdaq.com/symbol/cnc",
"CNP","CenterPoint Energy, Inc.","28.01","14038370749.87","n/a","n/a","Public Utilities","Electric Utilities: Central","https://www.nasdaq.com/symbol/cnp",
"CTL","CenturyLink, Inc.","18.8","20316394276","n/a","n/a","Public Utilities","Telecommunications Equipment","https://www.nasdaq.com/symbol/ctl",
"CERN","Cerner Corporation","57.91","19080666526.44","n/a","1986","Technology","EDP Services","https://www.nasdaq.com/symbol/cern",
"GIB","CGI Group, Inc.","63.82","15921942261.12","n/a","n/a","Consumer Services","Professional Services","https://www.nasdaq.com/symbol/gib",
"CHTR","Charter Communications, Inc.","329.2","75359704535.6","n/a","n/a","Consumer Services","Television Services","https://www.nasdaq.com/symbol/chtr",
"CHKP","Check Point Software Technologies Ltd.","111.81","17781668465.28","n/a","1996","Technology","Computer Software: Prepackaged Software","https://www.nasdaq.com/symbol/chkp",
"CQP","Cheniere Energy Partners, LP","37.68","18237407234.64","n/a","2007","Public Utilities","Oil/Gas Transmission","https://www.nasdaq.com/symbol/cqp",
"LNG","Cheniere Energy, Inc.","61.12","15700815356.16","n/a","n/a","Public Utilities","Oil/Gas Transmission","https://www.nasdaq.com/symbol/lng",
"LFC","China Life Insurance Company Limited","10.75","60769115750","n/a","2003","Finance","Life Insurance","https://www.nasdaq.com/symbol/lfc",
"SNP","China Petroleum & Chemical Corporation","85.34","103322170272.64","n/a","n/a","Energy","Integrated oil Companies","https://www.nasdaq.com/symbol/snp",
"CHA","China Telecom Corp Ltd","53.98","43687093600","n/a","2002","Public Utilities","Telecommunications Equipment","https://www.nasdaq.com/symbol/cha",
"CHU","China Unicom (Hong Kong) Ltd","11.74","35922052000","n/a","n/a","Public Utilities","Telecommunications Equipment","https://www.nasdaq.com/symbol/chu",
"CMG","Chipotle Mexican Grill, Inc.","473.21","13149228233","n/a","2006","Consumer Services","Restaurants","https://www.nasdaq.com/symbol/cmg",
"CB","Chubb Limited","133.74","61628110451.28","n/a","n/a","Finance","Property-Casualty Insurers","https://www.nasdaq.com/symbol/cb",
"CHT","Chunghwa Telecom Co., Ltd.","34.73","26941613431","n/a","n/a","Public Utilities","Telecommunications Equipment","https://www.nasdaq.com/symbol/cht",
"CHD","Church & Dwight Company, Inc.","66.19","16298143339.66","n/a","n/a","Basic Industries","Package Goods/Cosmetics","https://www.nasdaq.com/symbol/chd",
"CI","Cigna Corporation","223.38","54400684115.7","n/a","n/a","Health Care","Medical Specialities","https://www.nasdaq.com/symbol/ci",
"CINF","Cincinnati Financial Corporation","81.73","13300552629.65","n/a","n/a","Finance","Property-Casualty Insurers","https://www.nasdaq.com/symbol/cinf",
"CTAS","Cintas Corporation","187.38","20030125260.24","n/a","1983","Consumer Non-Durables","Apparel","https://www.nasdaq.com/symbol/ctas",
"C","Citigroup Inc.","64.79","158226044114.27","n/a","n/a","Finance","Major Banks","https://www.nasdaq.com/symbol/c",
"CFG","Citizens Financial Group, Inc.","36.36","17013282283.44","n/a","2014","Finance","Major Banks","https://www.nasdaq.com/symbol/cfg",
"CTXS","Citrix Systems, Inc.","108.97","14684991929.39","n/a","1995","Technology","Computer Software: Prepackaged Software","https://www.nasdaq.com/symbol/ctxs",
"CLX","Clorox Company (The)","165.62","21141740305.14","n/a","n/a","Consumer Durables","Specialty Chemicals","https://www.nasdaq.com/symbol/clx",
"CME","CME Group Inc.","190.08","68006218135.68","n/a","2002","Finance","Investment Bankers/Brokers/Service","https://www.nasdaq.com/symbol/cme",
"CMS","CMS Energy Corporation","52.09","14758733459.44","n/a","n/a","Public Utilities","Power Generation","https://www.nasdaq.com/symbol/cms",
"CNA","CNA Financial Corporation","46.92","12734590700.88","n/a","n/a","Finance","Property-Casualty Insurers","https://www.nasdaq.com/symbol/cna",
"CNHI","CNH Industrial N.V.","9.7","13132022319.8","n/a","2013","Capital Goods","Construction/Ag Equipment/Trucks","https://www.nasdaq.com/symbol/cnhi",
"KOF","Coca Cola Femsa S.A.B. de C.V.","60.49","12707739200","n/a","1993","Consumer Non-Durables","Beverages (Production/Distribution)","https://www.nasdaq.com/symbol/kof",
"CCEP","Coca-Cola European Partners plc","48.54","23163378284.4","n/a","2016","Consumer Non-Durables","Beverages (Production/Distribution)","https://www.nasdaq.com/symbol/ccep",
"CTSH","Cognizant Technology Solutions Corporation","71.23","41244165081.07","n/a","1998","Technology","EDP Services","https://www.nasdaq.com/symbol/ctsh",
"CL","Colgate-Palmolive Company","63.52","55092161254.88","n/a","n/a","Consumer Non-Durables","Package Goods/Cosmetics","https://www.nasdaq.com/symbol/cl",
"CMCSA","Comcast Corporation","39.01","177476181038.69","n/a","n/a","Consumer Services","Television Services","https://www.nasdaq.com/symbol/cmcsa",
"CMA","Comerica Incorporated","79.18","12803272502.52","n/a","n/a","Finance","Major Banks","https://www.nasdaq.com/symbol/cma",
"CAG","ConAgra Brands, Inc.","32.34","15704696736.96","n/a","n/a","Consumer Non-Durables","Packaged Foods","https://www.nasdaq.com/symbol/cag",
"CXO","Concho Resources Inc.","130.34","26100610416.3","n/a","2007","Energy","Oil & Gas Production","https://www.nasdaq.com/symbol/cxo",
"COP","ConocoPhillips","66.18","76189188147.84","n/a","n/a","Energy","Integrated oil Companies","https://www.nasdaq.com/symbol/cop",
"ED","Consolidated Edison Inc","80.35","25027129864.9","n/a","n/a","Public Utilities","Power Generation","https://www.nasdaq.com/symbol/ed",
"STZ","Constellation Brands Inc","195.76","37089525886.72","n/a","n/a","Consumer Non-Durables","Beverages (Production/Distribution)","https://www.nasdaq.com/symbol/stz",
"CLR","Continental Resources, Inc.","45.72","17191467476.28","n/a","2007","Energy","Oil & Gas Production","https://www.nasdaq.com/symbol/clr",
"CPRT","Copart, Inc.","51.18","11976912266.4","n/a","1994","Consumer Durables","Automotive Aftermarket","https://www.nasdaq.com/symbol/cprt",
"GLW","Corning Incorporated","32.22","25788858679.8","n/a","n/a","Basic Industries","Telecommunications Equipment","https://www.nasdaq.com/symbol/glw",
"CSGP","CoStar Group, Inc.","369.39","13453105119.93","n/a","1998","Miscellaneous","Business Services","https://www.nasdaq.com/symbol/csgp",
"COST","Costco Wholesale Corporation","231.28","101348833201.28","n/a","n/a","Consumer Services","Department/Specialty Retail Stores","https://www.nasdaq.com/symbol/cost",
"BAP","Credicorp Ltd.","219.29","17490789690","n/a","n/a","Finance","Commercial Banks","https://www.nasdaq.com/symbol/bap",
"CS","Credit Suisse Group","11.82","30168986485.86","n/a","n/a","Finance","Investment Bankers/Brokers/Service","https://www.nasdaq.com/symbol/cs",
"CRH","CRH PLC","27.66","22657765701.18","n/a","n/a","Capital Goods","Building Materials","https://www.nasdaq.com/symbol/crh",
"CCI","Crown Castle International Corporation","114.9","47666315785.8","n/a","n/a","Consumer Services","Real Estate Investment Trusts","https://www.nasdaq.com/symbol/cci",
"CSX","CSX Corporation","72.63","61330250819.43","n/a","n/a","Transportation","Railroads","https://www.nasdaq.com/symbol/csx",
"CTRP","Ctrip.com International, Ltd.","28.85","13441685601.2","465916312","2003","Miscellaneous","Business Services","https://www.nasdaq.com/symbol/ctrp",
"CMI","Cummins Inc.","151.06","24254390431.18","n/a","n/a","Energy","Industrial Machinery/Components","https://www.nasdaq.com/symbol/cmi",
"CVS","CVS Health Corporation","80.2","103714566216","n/a","n/a","Health Care","Medical/Nursing Services","https://www.nasdaq.com/symbol/cvs",
"DHI","D.R. Horton, Inc.","37.22","14004941914.7","n/a","n/a","Capital Goods","Homebuilding","https://www.nasdaq.com/symbol/dhi",
"DHR","Danaher Corporation","109.54","76776882086.62","n/a","n/a","Capital Goods","Industrial Machinery/Components","https://www.nasdaq.com/symbol/dhr",
"DRI","Darden Restaurants, Inc.","110.54","13719169806.24","n/a","n/a","Consumer Services","Restaurants","https://www.nasdaq.com/symbol/dri",
"DVA","DaVita Inc.","66.06","10965960000","n/a","n/a","Health Care","Hospital/Nursing Management","https://www.nasdaq.com/symbol/dva",
"DE","Deere & Company","154.88","49820795242.24","n/a","n/a","Capital Goods","Industrial Machinery/Components","https://www.nasdaq.com/symbol/de",
"DVMT","Dell Technologies Inc.","105.48","21028133218.68","n/a","n/a","Technology","Computer Manufacturing","https://www.nasdaq.com/symbol/dvmt",
"DAL","Delta Air Lines, Inc.","60.71","41623911337.71","n/a","n/a","Transportation","Air Freight/Delivery Services","https://www.nasdaq.com/symbol/dal",
"DB","Deutsche Bank AG","9.16","18914484000","n/a","n/a","Finance","Major Banks","https://www.nasdaq.com/symbol/db",
"DVN","Devon Energy Corporation","27.03","12655446000","n/a","n/a","Energy","Oil & Gas Production","https://www.nasdaq.com/symbol/dvn",
"DXCM","DexCom, Inc.","129.59","11513338668.55","n/a","2005","Health Care","Medical/Dental Instruments","https://www.nasdaq.com/symbol/dxcm",
"DEO","Diageo plc","144.35","87907721512.4","n/a","n/a","Consumer Non-Durables","Beverages (Production/Distribution)","https://www.nasdaq.com/symbol/deo",
"FANG","Diamondback Energy, Inc.","110.38","11176848216.18","n/a","2012","Energy","Oil & Gas Production","https://www.nasdaq.com/symbol/fang",
"DLR","Digital Realty Trust, Inc.","115.04","23730683925.92","n/a","2004","Consumer Services","Real Estate Investment Trusts","https://www.nasdaq.com/symbol/dlr",
"DFS","Discover Financial Services","71.3","23954281184.9","n/a","n/a","Finance","Finance: Consumer Services","https://www.nasdaq.com/symbol/dfs",
"DISCA","Discovery, Inc.","30.72","16081926973.44","n/a","n/a","Consumer Services","Television Services","https://www.nasdaq.com/symbol/disca",
"DISCB","Discovery, Inc.","36.78","19254338349.06","n/a","n/a","Consumer Services","Television Services","https://www.nasdaq.com/symbol/discb",
"DISCK","Discovery, Inc.","27.93","14621361340.11","n/a","n/a","Consumer Services","Television Services","https://www.nasdaq.com/symbol/disck",
"DISH","DISH Network Corporation","32.76","15320996538.12","n/a","1995","Consumer Services","Television Services","https://www.nasdaq.com/symbol/dish",
"DG","Dollar General Corporation","110.99","29471663166.99","n/a","2009","Consumer Services","Department/Specialty Retail Stores","https://www.nasdaq.com/symbol/dg",
"DLTR","Dollar Tree, Inc.","86.77","20648653515.97","n/a","1995","Consumer Services","Department/Specialty Retail Stores","https://www.nasdaq.com/symbol/dltr",
"D","Dominion Energy, Inc.","74.5","48907268374.5","n/a","n/a","Public Utilities","Electric Utilities: Central","https://www.nasdaq.com/symbol/d",
"DPZ","Domino&#39;s Pizza Inc","277.32","11535029169.96","n/a","2004","Consumer Non-Durables","Food Distributors","https://www.nasdaq.com/symbol/dpz",
"DOV","Dover Corporation","84.89","12422180695.86","n/a","n/a","Technology","Industrial Machinery/Components","https://www.nasdaq.com/symbol/dov",
"DWDP","DowDuPont Inc.","57.85","132722004755.6","n/a","2017","Basic Industries","Major Chemicals","https://www.nasdaq.com/symbol/dwdp",
"DTE","DTE Energy Company","119.74","21783702373.76","n/a","n/a","Public Utilities","Electric Utilities: Central","https://www.nasdaq.com/symbol/dte",
"DUK","Duke Energy Corporation","88.57","63139565312.06","n/a","n/a","Public Utilities","Power Generation","https://www.nasdaq.com/symbol/duk",
"DRE","Duke Realty Corporation","28.46","10197767448.76","n/a","n/a","Consumer Services","Real Estate Investment Trusts","https://www.nasdaq.com/symbol/dre",
"DXC","DXC Technology Company","63.04","17658362667.84","n/a","n/a","Technology","EDP Services","https://www.nasdaq.com/symbol/dxc",
"ETFC","E*TRADE Financial Corporation","52.29","13294160499.69","n/a","n/a","Finance","Savings Institutions","https://www.nasdaq.com/symbol/etfc",
"EMN","Eastman Chemical Company","78.82","11034114817.74","n/a","n/a","Basic Industries","Major Chemicals","https://www.nasdaq.com/symbol/emn",
"ETN","Eaton Corporation, PLC","76.94","33345796000","n/a","n/a","Technology","Industrial Machinery/Components","https://www.nasdaq.com/symbol/etn",
"EBAY","eBay Inc.","29.85","28740391890.15","n/a","1998","Miscellaneous","Business Services","https://www.nasdaq.com/symbol/ebay",
"ECL","Ecolab Inc.","160.49","46361236115.48","n/a","n/a","Basic Industries","Package Goods/Cosmetics","https://www.nasdaq.com/symbol/ecl",
"EC","Ecopetrol S.A.","19.21","39492585240.14","n/a","n/a","Energy","Oil & Gas Production","https://www.nasdaq.com/symbol/ec",
"EIX","Edison International","55.32","18023875915.92","n/a","n/a","Public Utilities","Electric Utilities: Central","https://www.nasdaq.com/symbol/eix",
"EW","Edwards Lifesciences Corporation","162.01","33868072070.69","n/a","n/a","Health Care","Industrial Specialties","https://www.nasdaq.com/symbol/ew",
"ELAN","Elanco Animal Health Incorporated","33.41","12215531250","n/a","2018","Health Care","Major Pharmaceuticals","https://www.nasdaq.com/symbol/elan",
"EA","Electronic Arts Inc.","84.07","25399959472.72","n/a","n/a","Technology","Computer Software: Prepackaged Software","https://www.nasdaq.com/symbol/ea",
"LLY","Eli Lilly and Company","118.64","125677992333.2","n/a","n/a","Health Care","Major Pharmaceuticals","https://www.nasdaq.com/symbol/lly",
"EMR","Emerson Electric Company","67.52","42278228536.96","n/a","n/a","Energy","Consumer Electronics/Appliances","https://www.nasdaq.com/symbol/emr",
"ENB","Enbridge Inc","32.73","59843090766.87","n/a","n/a","Energy","Natural Gas Distribution","https://www.nasdaq.com/symbol/enb",
"ENIA","Enel Americas S.A.","8.68","10125215720.76","n/a","n/a","Public Utilities","Electric Utilities: Central","https://www.nasdaq.com/symbol/enia",
"ET","Energy Transfer L.P.","14.57","38131159821.6","n/a","1996","Public Utilities","Natural Gas Distribution","https://www.nasdaq.com/symbol/et",
"E","ENI S.p.A.","32.25","58601238446.25","n/a","n/a","Energy","Oil & Gas Production","https://www.nasdaq.com/symbol/e",
"ETR","Entergy Corporation","87.06","15770241237.9","n/a","n/a","Public Utilities","Electric Utilities: Central","https://www.nasdaq.com/symbol/etr",
"EPD","Enterprise Products Partners L.P.","26.25","57294865687.5","n/a","n/a","Public Utilities","Natural Gas Distribution","https://www.nasdaq.com/symbol/epd",
"EOG","EOG Resources, Inc.","103.31","59909783165.71","n/a","n/a","Energy","Oil & Gas Production","https://www.nasdaq.com/symbol/eog",
"EFX","Equifax, Inc.","102.67","12379443155.59","n/a","n/a","Finance","Finance: Consumer Services","https://www.nasdaq.com/symbol/efx",
"EQIX","Equinix, Inc.","385.28","30972851454.72","n/a","2000","Consumer Services","Real Estate Investment Trusts","https://www.nasdaq.com/symbol/eqix",
"EQNR","Equinor ASA","23.38","77821050688.5","n/a","n/a","Energy","Integrated oil Companies","https://www.nasdaq.com/symbol/eqnr",
"EQR","Equity Residential","71.25","26251394388.75","n/a","n/a","Consumer Services","Real Estate Investment Trusts","https://www.nasdaq.com/symbol/eqr",
"ERIC","Ericsson","8.39","2610968847.39","311200101","n/a","Technology","Radio And Television Broadcasting And Communications Equipment","https://www.nasdaq.com/symbol/eric",
"ESS","Essex Property Trust, Inc.","262.51","17342748613.47","n/a","1994","Consumer Services","Real Estate Investment Trusts","https://www.nasdaq.com/symbol/ess",
"EL","Estee Lauder Companies, Inc. (The)","142.66","51764543641.72","n/a","1995","Consumer Non-Durables","Package Goods/Cosmetics","https://www.nasdaq.com/symbol/el",
"EVRG","Evergy, Inc.","59.37","15641328277.71","n/a","2018","Public Utilities","Power Generation","https://www.nasdaq.com/symbol/evrg",
"ES","Eversource Energy","68.34","21655976118.72","n/a","n/a","Public Utilities","Electric Utilities: Central","https://www.nasdaq.com/symbol/es",
"EXC","Exelon Corporation","46.39","44859582116.94","n/a","n/a","Public Utilities","Power Generation","https://www.nasdaq.com/symbol/exc",
"EXPE","Expedia Group, Inc.","120.79","17994621641.28","n/a","n/a","Consumer Services","Transportation Services","https://www.nasdaq.com/symbol/expe",
"EXPD","Expeditors International of Washington, Inc.","76.09","13132378882.84","n/a","n/a","Transportation","Oil Refining/Marketing","https://www.nasdaq.com/symbol/expd",
"ESRX","Express Scripts Holding Company","101.47","57214874200","n/a","1992","Health Care","Medical/Nursing Services","https://www.nasdaq.com/symbol/esrx",
"EXR","Extra Space Storage Inc","95.98","12142943676.92","n/a","2004","Consumer Services","Real Estate Investment Trusts","https://www.nasdaq.com/symbol/exr",
"FFIV","F5 Networks, Inc.","171.97","10426061991.58","n/a","1999","Technology","Computer Communications Equipment","https://www.nasdaq.com/symbol/ffiv",
"FAST","Fastenal Company","59.26","17010975182.68","n/a","1987","Consumer Services","RETAIL: Building Materials","https://www.nasdaq.com/symbol/fast",
"FDX","FedEx Corporation","229","60345131253","n/a","n/a","Transportation","Air Freight/Delivery Services","https://www.nasdaq.com/symbol/fdx",
"RACE","Ferrari N.V.","109.6","26867230235.2","n/a","2015","Capital Goods","Auto Manufacturing","https://www.nasdaq.com/symbol/race",
"FCAU","Fiat Chrysler Automobiles N.V.","16.59","32509089284.7","n/a","2014","Capital Goods","Auto Manufacturing","https://www.nasdaq.com/symbol/fcau",
"FBR","Fibria Celulose S.A.","18.75","10374431493.75","n/a","1997","Basic Industries","Paper","https://www.nasdaq.com/symbol/fbr",
"FIS","Fidelity National Information Services, Inc.","107.95","35352358530.6","n/a","n/a","Miscellaneous","Business Services","https://www.nasdaq.com/symbol/fis",
"FITB","Fifth Third Bancorp","27.93","18311344238.67","n/a","n/a","Finance","Major Banks","https://www.nasdaq.com/symbol/fitb",
"FDC","First Data Corporation","19.08","17868741173.64","n/a","2015","Miscellaneous","Business Services","https://www.nasdaq.com/symbol/fdc",
"FRC","FIRST REPUBLIC BANK","99.15","16338021079.2","n/a","n/a","n/a","n/a","https://www.nasdaq.com/symbol/frc",
"FE","FirstEnergy Corp.","37.83","19347977590.5","n/a","n/a","Public Utilities","Electric Utilities: Central","https://www.nasdaq.com/symbol/fe",
"FISV","Fiserv, Inc.","79.13","31530992584.01","n/a","1986","Technology","EDP Services","https://www.nasdaq.com/symbol/fisv",
"FLT","FleetCor Technologies, Inc.","193.4","23759341625.6","n/a","2010","Miscellaneous","Business Services","https://www.nasdaq.com/symbol/flt",
"FMC","FMC Corporation","82.74","11141595721.62","n/a","n/a","Basic Industries","Major Chemicals","https://www.nasdaq.com/symbol/fmc",
"FMX","Fomento Economico Mexicano S.A.B. de C.V.","86.75","155205564461.25","n/a","n/a","Consumer Non-Durables","Beverages (Production/Distribution)","https://www.nasdaq.com/symbol/fmx",
"F","Ford Motor Company","9.41","37432070852.85","n/a","n/a","Capital Goods","Auto Manufacturing","https://www.nasdaq.com/symbol/f",
"FTNT","Fortinet, Inc.","73.84","12580135937.2","n/a","2009","Technology","Computer peripheral equipment","https://www.nasdaq.com/symbol/ftnt",
"FTS","Fortis Inc.","34.72","14813442052.64","n/a","2016","Public Utilities","Electric Utilities: Central","https://www.nasdaq.com/symbol/fts",
"FTV","Fortive Corporation","76.07","25404558791.91","n/a","2016","Capital Goods","Industrial Machinery/Components","https://www.nasdaq.com/symbol/ftv",
"FNV","Franco-Nevada Corporation","68.91","12842273916.54","n/a","n/a","Basic Industries","Precious Metals","https://www.nasdaq.com/symbol/fnv",
"BEN","Franklin Resources, Inc.","33.89","17388785754.32","n/a","n/a","Finance","Investment Managers","https://www.nasdaq.com/symbol/ben",
"FCX","Freeport-McMoran, Inc.","11.94","17301461948.16","n/a","n/a","Basic Industries","Precious Metals","https://www.nasdaq.com/symbol/fcx",
"FMS","Fresenius Medical Care Corporation","40.76","25014041573.12","n/a","n/a","Health Care","Hospital/Nursing Management","https://www.nasdaq.com/symbol/fms",
"GPS","Gap, Inc. (The)","27.29","10424780000","n/a","n/a","Consumer Services","Clothing/Shoe/Accessory Stores","https://www.nasdaq.com/symbol/gps",
"GRMN","Garmin Ltd.","66.66","12586035803.88","n/a","2000","Capital Goods","Industrial Machinery/Components","https://www.nasdaq.com/symbol/grmn",
"IT","Gartner, Inc.","153.19","13923932065.42","n/a","1993","Consumer Services","Other Consumer Services","https://www.nasdaq.com/symbol/it",
"GD","General Dynamics Corporation","184.89","54755128201.95","n/a","n/a","Capital Goods","Marine Transportation","https://www.nasdaq.com/symbol/gd",
"GE","General Electric Company","7.5","65235862500","n/a","n/a","Energy","Consumer Electronics/Appliances","https://www.nasdaq.com/symbol/ge",
"GIS","General Mills, Inc.","42.31","25226488422.92","n/a","n/a","Consumer Non-Durables","Packaged Foods","https://www.nasdaq.com/symbol/gis",
"GM","General Motors Company","37.95","53562767872.35","n/a","2010","Capital Goods","Auto Manufacturing","https://www.nasdaq.com/symbol/gm",
"GPC","Genuine Parts Company","103.71","15220404202.83","n/a","n/a","Capital Goods","Automotive Aftermarket","https://www.nasdaq.com/symbol/gpc",
"GILD","Gilead Sciences, Inc.","71.94","93062994887.28","n/a","1992","Health Care","Biotechnology: Biological Products (No Diagnostic Substances)","https://www.nasdaq.com/symbol/gild",
"GSK","GlaxoSmithKline PLC","41.87","103849393857.86","n/a","n/a","Health Care","Major Pharmaceuticals","https://www.nasdaq.com/symbol/gsk",
"GPN","Global Payments Inc.","111.81","17689757850.03","n/a","n/a","Miscellaneous","Business Services","https://www.nasdaq.com/symbol/gpn",
"GDDY","GoDaddy Inc.","65.26","11323693316","n/a","2015","Technology","EDP Services","https://www.nasdaq.com/symbol/gddy",
"GOL","Gol Linhas Aereas Inteligentes S.A.","11.41","17859884004.76","n/a","2004","Transportation","Air Freight/Delivery Services","https://www.nasdaq.com/symbol/gol",
"GS","Goldman Sachs Group, Inc. (The)","190.69","70931672480.6","n/a","1999","Finance","Investment Bankers/Brokers/Service","https://www.nasdaq.com/symbol/gs",
"GRFS","Grifols, S.A.","19.72","2768970922.84","140414347","n/a","Health Care","Major Pharmaceuticals","https://www.nasdaq.com/symbol/grfs",
"HAL","Halliburton Company","31.43","27534134297.53","n/a","n/a","Energy","Oilfield Services/Equipment","https://www.nasdaq.com/symbol/hal",
"HRS","Harris Corporation","142.95","16819340326.8","n/a","n/a","Capital Goods","Industrial Machinery/Components","https://www.nasdaq.com/symbol/hrs",
"HIG","Hartford Financial Services Group, Inc. (The)","44.19","15852491651.61","n/a","n/a","Finance","Property-Casualty Insurers","https://www.nasdaq.com/symbol/hig",
"HAS","Hasbro, Inc.","91","11512180498","n/a","n/a","Consumer Non-Durables","Recreational Products/Toys","https://www.nasdaq.com/symbol/has",
"HCA","HCA Healthcare, Inc.","143.99","49555670395","n/a","2011","Health Care","Hospital/Nursing Management","https://www.nasdaq.com/symbol/hca",
"HCP","HCP, Inc.","29.26","13749825170.62","n/a","n/a","Consumer Services","Real Estate Investment Trusts","https://www.nasdaq.com/symbol/hcp",
"HDB","HDFC Bank Limited","101.42","91903184827.3","n/a","2001","Finance","Commercial Banks","https://www.nasdaq.com/symbol/hdb",
"HEI","Heico Corporation","84.52","11232029473.44","n/a","n/a","Capital Goods","Aerospace","https://www.nasdaq.com/symbol/hei",
"HSIC","Henry Schein, Inc.","89.2","13597441056","n/a","1995","Health Care","Medical Specialities","https://www.nasdaq.com/symbol/hsic",
"HSY","Hershey Company (The)","108.3","22722183440.4","n/a","n/a","Consumer Non-Durables","Specialty Foods","https://www.nasdaq.com/symbol/hsy",
"HES","Hess Corporation","53.89","15965081499.04","n/a","n/a","Energy","Integrated oil Companies","https://www.nasdaq.com/symbol/hes",
"HPE","Hewlett Packard Enterprise Company","15","22074724245","n/a","2015","Technology","Computer Manufacturing","https://www.nasdaq.com/symbol/hpe",
"HLT","Hilton Worldwide Holdings Inc.","75.54","22402897422.3","n/a","2016","Consumer Services","Hotels/Resorts","https://www.nasdaq.com/symbol/hlt",
"HFC","HollyFrontier Corporation","62.47","10824342632.91","n/a","n/a","Energy","Integrated oil Companies","https://www.nasdaq.com/symbol/hfc",
"HOLX","Hologic, Inc.","44.41","12843942979.37","n/a","1990","Health Care","Medical Electronics","https://www.nasdaq.com/symbol/holx",
"HMC","Honda Motor Company, Ltd.","28.17","49586978835.63","n/a","n/a","Capital Goods","Auto Manufacturing","https://www.nasdaq.com/symbol/hmc",
"HON","Honeywell International Inc.","146.75","108637308465.25","n/a","n/a","Capital Goods","Auto Parts:O.E.M.","https://www.nasdaq.com/symbol/hon",
"HRL","Hormel Foods Corporation","45.09","24038286291.36","n/a","n/a","Consumer Non-Durables","Meat/Poultry/Fish","https://www.nasdaq.com/symbol/hrl",
"HST","Host Hotels & Resorts, Inc.","19","14099186512","n/a","n/a","Consumer Services","Real Estate Investment Trusts","https://www.nasdaq.com/symbol/hst",
"HPQ","HP Inc.","23","36395395684","n/a","n/a","Technology","Computer Manufacturing","https://www.nasdaq.com/symbol/hpq",
"HSBC","HSBC Holdings plc","42.54","170450826198.9","n/a","n/a","Finance","Savings Institutions","https://www.nasdaq.com/symbol/hsbc",
"HUM","Humana Inc.","329.47","45198961353.6","n/a","n/a","Health Care","Medical Specialities","https://www.nasdaq.com/symbol/hum",
"HBAN","Huntington Bancshares Incorporated","14.59","15487711888.81","n/a","n/a","Finance","Major Banks","https://www.nasdaq.com/symbol/hban",
"HBANO","Huntington Bancshares Incorporated","25.29","20148266757.33","n/a","n/a","Finance","Major Banks","https://www.nasdaq.com/symbol/hbano",
"IAC","IAC/InterActiveCorp","177.96","14862148948.56","n/a","n/a","Consumer Services","Other Specialty Stores","https://www.nasdaq.com/symbol/iac",
"IEP","Icahn Enterprises L.P.","66.87","12481290381.51","n/a","n/a","Capital Goods","Auto Parts:O.E.M.","https://www.nasdaq.com/symbol/iep",
"IBN","ICICI Bank Limited","10.17","32743473952.86","n/a","n/a","Finance","Commercial Banks","https://www.nasdaq.com/symbol/ibn",
"IEX","IDEX Corporation","137.4","10539915115.8","n/a","1989","Capital Goods","Fluid Controls","https://www.nasdaq.com/symbol/iex",
"IDXX","IDEXX Laboratories, Inc.","203.76","17570968320.24","n/a","1991","Health Care","Biotechnology: In Vitro & In Vivo Diagnostic Substances","https://www.nasdaq.com/symbol/idxx",
"INFO","IHS Markit Ltd.","53.37","21036598271.73","n/a","1996","Technology","Computer Software: Programming, Data Processing","https://www.nasdaq.com/symbol/info",
"ITW","Illinois Tool Works Inc.","139.05","46136997323.55","n/a","n/a","Technology","Industrial Machinery/Components","https://www.nasdaq.com/symbol/itw",
"ILMN","Illumina, Inc.","337.5","49612500000","n/a","2000","Capital Goods","Biotechnology: Laboratory Analytical Instruments","https://www.nasdaq.com/symbol/ilmn",
"IMO","Imperial Oil Limited","29.84","23548611446.88","n/a","n/a","Energy","Integrated oil Companies","https://www.nasdaq.com/symbol/imo",
"INCY","Incyte Corporation","64.25","13672923509","n/a","n/a","Health Care","Biotechnology: Commercial Physical & Biological Resarch","https://www.nasdaq.com/symbol/incy",
"INFY","Infosys Limited","9.86","42868073882.96","n/a","n/a","Technology","EDP Services","https://www.nasdaq.com/symbol/infy",
"ING","ING Group, N.V.","12.08","47011088681.12","n/a","1997","Finance","Commercial Banks","https://www.nasdaq.com/symbol/ing",
"IR","Ingersoll-Rand plc (Ireland)","103.52","25430338830.24","n/a","n/a","Capital Goods","Auto Parts:O.E.M.","https://www.nasdaq.com/symbol/ir",
"ICE","Intercontinental Exchange Inc.","81.72","46546400884.32","n/a","2005","Finance","Investment Bankers/Brokers/Service","https://www.nasdaq.com/symbol/ice",
"IHG","Intercontinental Hotels Group","54.93","10473499749.27","n/a","n/a","Consumer Services","Hotels/Resorts","https://www.nasdaq.com/symbol/ihg",
"IBM","International Business Machines Corporation","124.27","112935802667.79","n/a","n/a","Technology","Computer Manufacturing","https://www.nasdaq.com/symbol/ibm",
"IFF","International Flavors & Fragrances, Inc.","141.63","15100480695.12","n/a","n/a","Basic Industries","Major Chemicals","https://www.nasdaq.com/symbol/iff",
"IP","International Paper Company","46.19","18708265029.3","n/a","n/a","Basic Industries","Paper","https://www.nasdaq.com/symbol/ip",
"INTU","Intuit Inc.","214.53","55678101044.04","n/a","1993","Technology","Computer Software: Prepackaged Software","https://www.nasdaq.com/symbol/intu",
"ISRG","Intuitive Surgical, Inc.","530.87","60625494149.68","n/a","2000","Health Care","Industrial Specialties","https://www.nasdaq.com/symbol/isrg",
"QQQ","Invesco QQQ Trust, Series 1","169.37","65910335500","n/a","n/a","n/a","n/a","https://www.nasdaq.com/symbol/qqq",
"INVH","Invitation Homes Inc.","21.46","11171648967.46","n/a","2017","Finance","Real Estate","https://www.nasdaq.com/symbol/invh",
"IQ","iQIYI, Inc.","20.31","4594744399.95","226230645","2018","Consumer Services","Consumer Electronics/Video Chains","https://www.nasdaq.com/symbol/iq",
"IQV","IQVIA Holdings, Inc.","125.07","25019780860.47","n/a","2013","Health Care","Biotechnology: Commercial Physical & Biological Resarch","https://www.nasdaq.com/symbol/iqv",
"SHY","iShares 1-3 Year Treasury Bond ETF","83.25","17182800000","n/a","n/a","n/a","n/a","https://www.nasdaq.com/symbol/shy",
"IXUS","iShares Core MSCI Total International Stock ETF","55.94","12463432000","n/a","n/a","n/a","n/a","https://www.nasdaq.com/symbol/ixus",
"EMB","iShares J.P. Morgan USD Emerging Markets Bond ETF","103.69","15003943000","n/a","n/a","n/a","n/a","https://www.nasdaq.com/symbol/emb",
"MBB","iShares MBS ETF","103.19","11650151000","n/a","n/a","n/a","n/a","https://www.nasdaq.com/symbol/mbb",
"DVY","iShares Select Dividend ETF","97.85","17104180000","n/a","n/a","n/a","n/a","https://www.nasdaq.com/symbol/dvy",
"SHV","iShares Short Treasury Bond ETF","110.47","17321696000","n/a","n/a","n/a","n/a","https://www.nasdaq.com/symbol/shv",
"IGSB","iShares Short-Term Corporate Bond ETF","51.51","10219584000","n/a","n/a","n/a","n/a","https://www.nasdaq.com/symbol/igsb",
"PFF","iShares U.S. Preferred Stock ETF","35.18","14564520000","n/a","n/a","n/a","n/a","https://www.nasdaq.com/symbol/pff",
"ITUB","Itau Unibanco Banco Holding SA","9.33","135979929254.31","n/a","n/a","Finance","Major Banks","https://www.nasdaq.com/symbol/itub",
"JBHT","J.B. Hunt Transport Services, Inc.","106.36","11611993927","n/a","n/a","Transportation","Trucking Freight/Courier Services","https://www.nasdaq.com/symbol/jbht",
"SJM","J.M. Smucker Company (The)","104.51","11888862479.83","n/a","n/a","Consumer Non-Durables","Packaged Foods","https://www.nasdaq.com/symbol/sjm",
"JKHY","Jack Henry & Associates, Inc.","139.7","10798575024.6","n/a","1985","Technology","EDP Services","https://www.nasdaq.com/symbol/jkhy",
"JD","JD.com, Inc.","21.23","19587643866.89","922639843","2014","Consumer Services","Other Specialty Stores","https://www.nasdaq.com/symbol/jd",
"JCI","Johnson Controls International plc","34.78","32138770628.8","n/a","n/a","Consumer Services","Other Consumer Services","https://www.nasdaq.com/symbol/jci",
"KSU","Kansas City Southern","103.05","10479921295.05","n/a","n/a","Transportation","Railroads","https://www.nasdaq.com/symbol/ksu",
"KB","KB Financial Group Inc","42.11","16685400012.14","n/a","n/a","Finance","Commercial Banks","https://www.nasdaq.com/symbol/kb",
"K","Kellogg Company","63.65","22087895815.6","n/a","n/a","Consumer Non-Durables","Packaged Foods","https://www.nasdaq.com/symbol/k",
"KDP","Keurig Dr Pepper Inc.","27","37506013146","n/a","n/a","Consumer Non-Durables","Beverages (Production/Distribution)","https://www.nasdaq.com/symbol/kdp",
"KEY","KeyCorp","18.34","18973287939.48","n/a","n/a","Finance","Major Banks","https://www.nasdaq.com/symbol/key",
"KEYS","Keysight Technologies Inc.","61.82","11535612000","n/a","2014","Capital Goods","Industrial Machinery/Components","https://www.nasdaq.com/symbol/keys",
"KMB","Kimberly-Clark Corporation","115.37","39952736563.55","n/a","n/a","Consumer Durables","Containers/Packaging","https://www.nasdaq.com/symbol/kmb",
"KMI","Kinder Morgan, Inc.","17.07","37673802159.09","n/a","2011","Public Utilities","Natural Gas Distribution","https://www.nasdaq.com/symbol/kmi",
"KKR","KKR & Co. Inc.","22.92","19076043022.8","n/a","n/a","Finance","Investment Managers","https://www.nasdaq.com/symbol/kkr",
"KLAC","KLA-Tencor Corporation","98.56","15087102553.6","n/a","1980","Capital Goods","Electronic Components","https://www.nasdaq.com/symbol/klac",
"KSS","Kohl&#39;s Corporation","67.17","11198101664.31","n/a","1992","Consumer Services","Department/Specialty Retail Stores","https://www.nasdaq.com/symbol/kss",
"PHG","Koninklijke Philips N.V.","37.95","35351943000","n/a","n/a","Energy","Consumer Electronics/Appliances","https://www.nasdaq.com/symbol/phg",
"KEP","Korea Electric Power Corporation","13.22","16973530195.88","n/a","1994","Public Utilities","Electric Utilities: Central","https://www.nasdaq.com/symbol/kep",
"KR","Kroger Company (The)","29.66","23651439472.48","n/a","n/a","Consumer Services","Food Chains","https://www.nasdaq.com/symbol/kr",
"LLL","L3 Technologies, Inc.","183.29","14424474122.79","n/a","n/a","Technology","Radio And Television Broadcasting And Communications Equipment","https://www.nasdaq.com/symbol/lll",
"LH","Laboratory Corporation of America Holdings","145.64","14695076000","n/a","n/a","Health Care","Medical Specialities","https://www.nasdaq.com/symbol/lh",
"LRCX","Lam Research Corporation","156.96","24357493229.76","n/a","1984","Technology","Industrial Machinery/Components","https://www.nasdaq.com/symbol/lrcx",
"LW","Lamb Weston Holdings, Inc.","76.7","11233070504.5","n/a","2016","Consumer Non-Durables","Packaged Foods","https://www.nasdaq.com/symbol/lw",
"LVS","Las Vegas Sands Corp.","54.94","43048471978.38","n/a","2004","Consumer Services","Hotels/Resorts","https://www.nasdaq.com/symbol/lvs",
"LEN","Lennar Corporation","42.73","14113087365.14","n/a","n/a","Basic Industries","Homebuilding","https://www.nasdaq.com/symbol/len",
"LBRDA","Liberty Broadband Corporation","85.13","15438596468.79","n/a","n/a","Consumer Services","Television Services","https://www.nasdaq.com/symbol/lbrda",
"LBRDK","Liberty Broadband Corporation","84.85","15387817577.55","n/a","n/a","Consumer Services","Television Services","https://www.nasdaq.com/symbol/lbrdk",
"LBTYA","Liberty Global plc","24.83","18717338830.58","n/a","n/a","Consumer Services","Television Services","https://www.nasdaq.com/symbol/lbtya",
"LBTYB","Liberty Global plc","25.83","19882803730.86","n/a","n/a","Consumer Services","Television Services","https://www.nasdaq.com/symbol/lbtyb",
"LBTYK","Liberty Global plc","24.29","18310276286.54","n/a","n/a","Consumer Services","Television Services","https://www.nasdaq.com/symbol/lbtyk",
"LSXMK","Liberty Media Corporation","40.12","13260214338.04","n/a","n/a","Consumer Services","Broadcasting","https://www.nasdaq.com/symbol/lsxmk",
"LNC","Lincoln National Corporation","62.97","13450689470.28","n/a","n/a","Finance","Life Insurance","https://www.nasdaq.com/symbol/lnc",
"LIN","Linde plc","159.05","88773349695.8","n/a","2018","Basic Industries","Major Chemicals","https://www.nasdaq.com/symbol/lin",
"LYV","Live Nation Entertainment, Inc.","55.68","11667468996.48","n/a","n/a","Consumer Services","Services-Misc. Amusement & Recreation","https://www.nasdaq.com/symbol/lyv",
"LYG","Lloyds Banking Group Plc","2.83","50342332650.92","n/a","n/a","Finance","Commercial Banks","https://www.nasdaq.com/symbol/lyg",
"LMT","Lockheed Martin Corporation","300.43","85450009445.84","n/a","n/a","Capital Goods","Military/Government/Technical","https://www.nasdaq.com/symbol/lmt",
"L","Loews Corporation","48.06","15100002590.94","n/a","n/a","Finance","Property-Casualty Insurers","https://www.nasdaq.com/symbol/l",
"LOW","Lowe&#39;s Companies, Inc.","94.37","76276933360.73","n/a","n/a","Consumer Services","RETAIL: Building Materials","https://www.nasdaq.com/symbol/low",
"LULU","lululemon athletica inc.","132.55","17545772603.7","n/a","2007","Consumer Non-Durables","Apparel","https://www.nasdaq.com/symbol/lulu",
"LYB","LyondellBasell Industries NV","93.31","35799099053.9","n/a","n/a","Basic Industries","Major Chemicals","https://www.nasdaq.com/symbol/lyb",
"MTB","M&T Bank Corporation","169.01","23721854200.96","n/a","n/a","Finance","Major Banks","https://www.nasdaq.com/symbol/mtb",
"M","Macy&#39;s Inc","34.22","10504606204.64","n/a","n/a","Consumer Services","Department/Specialty Retail Stores","https://www.nasdaq.com/symbol/m",
"MMP","Magellan Midstream Partners L.P.","60.48","13801243276.8","n/a","n/a","Energy","Natural Gas Distribution","https://www.nasdaq.com/symbol/mmp",
"MGA","Magna International, Inc.","49.87","16682144558.88","n/a","n/a","Capital Goods","Auto Parts:O.E.M.","https://www.nasdaq.com/symbol/mga",
"MFC","Manulife Financial Corp","16.51","32767684703.26","n/a","n/a","Finance","Life Insurance","https://www.nasdaq.com/symbol/mfc",
"MRO","Marathon Oil Corporation","16.69","13873994370.44","n/a","n/a","Energy","Oil & Gas Production","https://www.nasdaq.com/symbol/mro",
"MPC","Marathon Petroleum Corporation","65.16","45016015754.16","n/a","n/a","Energy","Integrated oil Companies","https://www.nasdaq.com/symbol/mpc",
"MKL","Markel Corporation","1144.14","15885982306.86","n/a","1986","Finance","Property-Casualty Insurers","https://www.nasdaq.com/symbol/mkl",
"MAR","Marriott International","115.03","39240218409","n/a","n/a","Consumer Services","Hotels/Resorts","https://www.nasdaq.com/symbol/mar",
"MMC","Marsh & McLennan Companies, Inc.","88.7","44678908115.2","n/a","n/a","Finance","Specialty Insurers","https://www.nasdaq.com/symbol/mmc",
"MLM","Martin Marietta Materials, Inc.","190.69","11958565200.37","n/a","1994","Basic Industries","Mining & Quarrying of Nonmetallic Minerals (No Fuels)","https://www.nasdaq.com/symbol/mlm",
"MRVL","Marvell Technology Group Ltd.","16.11","10606824000","n/a","2000","Technology","Semiconductors","https://www.nasdaq.com/symbol/mrvl",
"MTCH","Match Group, Inc.","40.27","11198528495.37","n/a","2015","Technology","Computer Software: Programming, Data Processing","https://www.nasdaq.com/symbol/mtch",
"MXIM","Maxim Integrated Products, Inc.","55.92","15493355970","n/a","1988","Technology","Semiconductors","https://www.nasdaq.com/symbol/mxim",
"MKC","McCormick & Company, Incorporated","150","19749779250","n/a","n/a","Consumer Non-Durables","Packaged Foods","https://www.nasdaq.com/symbol/mkc",
"MCD","McDonald&#39;s Corporation","188.51","145324291227.5","n/a","n/a","Consumer Services","Restaurants","https://www.nasdaq.com/symbol/mcd",
"MCK","McKesson Corporation","124.5","24324339639","n/a","n/a","Health Care","Other Pharmaceuticals","https://www.nasdaq.com/symbol/mck",
"MDT","Medtronic plc","97.53","130987219520.01","n/a","n/a","Health Care","Biotechnology: Electromedical & Electrotherapeutic Apparatus","https://www.nasdaq.com/symbol/mdt",
"MELI","MercadoLibre, Inc.","351.97","15910050282.23","n/a","2007","Miscellaneous","Business Services","https://www.nasdaq.com/symbol/meli",
"MET","MetLife, Inc.","44.63","44042591186.76","n/a","2000","Finance","Life Insurance","https://www.nasdaq.com/symbol/met",
"MTD","Mettler-Toledo International, Inc.","636.66","15945167526.48","n/a","1997","Capital Goods","Biotechnology: Laboratory Analytical Instruments","https://www.nasdaq.com/symbol/mtd",
"MGM","MGM Resorts International","26.96","14213256947.68","n/a","n/a","Consumer Services","Hotels/Resorts","https://www.nasdaq.com/symbol/mgm",
"MCHP","Microchip Technology Incorporated","75","17738224800","n/a","1993","Technology","Semiconductors","https://www.nasdaq.com/symbol/mchp",
"MU","Micron Technology, Inc.","38.56","43736887260","n/a","n/a","Technology","Semiconductors","https://www.nasdaq.com/symbol/mu",
"MAA","Mid-America Apartment Communities, Inc.","103.56","11789039150.52","n/a","1994","Consumer Services","Real Estate Investment Trusts","https://www.nasdaq.com/symbol/maa",
"MUFG","Mitsubishi UFJ Financial Group Inc","5.44","71369201129.92","n/a","n/a","Finance","Commercial Banks","https://www.nasdaq.com/symbol/mufg",
"MFG","Mizuho Financial Group, Inc.","3.28","41587421760","n/a","n/a","Finance","Major Banks","https://www.nasdaq.com/symbol/mfg",
"TAP","Molson Coors Brewing  Company","65.77","10705641047.25","n/a","n/a","Consumer Non-Durables","Beverages (Production/Distribution)","https://www.nasdaq.com/symbol/tap",
"MDLZ","Mondelez International, Inc.","44.98","65393516966.7","n/a","n/a","Consumer Non-Durables","Packaged Foods","https://www.nasdaq.com/symbol/mdlz",
"MNST","Monster Beverage Corporation","59.68","33000860546.08","n/a","n/a","Consumer Non-Durables","Beverages (Production/Distribution)","https://www.nasdaq.com/symbol/mnst",
"MCO","Moody&#39;s Corporation","159.07","30477812000","n/a","n/a","Finance","Finance: Consumer Services","https://www.nasdaq.com/symbol/mco",
"MS","Morgan Stanley","44.39","76357670284.69","n/a","n/a","Finance","Investment Bankers/Brokers/Service","https://www.nasdaq.com/symbol/ms",
"MOS","Mosaic Company (The)","36","13876923060","n/a","n/a","Basic Industries","Agricultural Chemicals","https://www.nasdaq.com/symbol/mos",
"MSI","Motorola Solutions, Inc.","131.25","21463032675","n/a","n/a","Technology","Radio And Television Broadcasting And Communications Equipment","https://www.nasdaq.com/symbol/msi",
"MPLX","MPLX LP","33.13","26307893889.17","n/a","2012","Energy","Natural Gas Distribution","https://www.nasdaq.com/symbol/mplx",
"MSCI","MSCI Inc","157.09","13829080720.68","n/a","n/a","Miscellaneous","Business Services","https://www.nasdaq.com/symbol/msci",
"MYL","Mylan N.V.","33.86","17459282285.26","n/a","n/a","Health Care","Major Pharmaceuticals","https://www.nasdaq.com/symbol/myl",
"NDAQ","Nasdaq, Inc.","91.32","14972555614.32","n/a","n/a","Finance","Investment Bankers/Brokers/Service","https://www.nasdaq.com/symbol/ndaq",
"NGG","National Grid Transco, PLC","53.45","36331511255.05","n/a","n/a","Public Utilities","Natural Gas Distribution","https://www.nasdaq.com/symbol/ngg",
"NOV","National Oilwell Varco, Inc.","32.11","12309899856.28","n/a","n/a","Energy","Metal Fabrications","https://www.nasdaq.com/symbol/nov",
"NTAP","NetApp, Inc.","66.87","16843614278.94","n/a","1995","Technology","Electronic Components","https://www.nasdaq.com/symbol/ntap",
"NTES","NetEase, Inc.","227.07","17332397743.59","76330637","n/a","Miscellaneous","Business Services","https://www.nasdaq.com/symbol/ntes",
"NFLX","Netflix, Inc.","286.13","124776999619.35","n/a","2002","Consumer Services","Consumer Electronics/Video Chains","https://www.nasdaq.com/symbol/nflx",
"NWL","Newell Brands Inc.","23.4","10923120000","n/a","n/a","Consumer Non-Durables","Plastic Products","https://www.nasdaq.com/symbol/nwl",
"NEM","Newmont Mining Corporation","32.34","17226231773.52","n/a","n/a","Basic Industries","Precious Metals","https://www.nasdaq.com/symbol/nem",
"NEE","NextEra Energy, Inc.","181.71","86847432649.47","n/a","n/a","Public Utilities","Electric Utilities: Central","https://www.nasdaq.com/symbol/nee",
"NKE","Nike, Inc.","75.12","119298699402.24","n/a","n/a","Consumer Non-Durables","Shoe Manufacturing","https://www.nasdaq.com/symbol/nke",
"NBL","Noble Energy Inc.","23.74","11390428260","n/a","n/a","Energy","Oil & Gas Production","https://www.nasdaq.com/symbol/nbl",
"NOK","Nokia Corporation","5.47","30586353506.4","n/a","1994","Technology","Radio And Television Broadcasting And Communications Equipment","https://www.nasdaq.com/symbol/nok",
"NMR","Nomura Holdings Inc ADR","4.47","14952731985.06","n/a","n/a","Finance","Investment Bankers/Brokers/Service","https://www.nasdaq.com/symbol/nmr",
"NSC","Norfolk Souther Corporation","170.74","46500516535.6","n/a","n/a","Transportation","Railroads","https://www.nasdaq.com/symbol/nsc",
"NTRS","Northern Trust Corporation","99.23","21969061374.34","n/a","n/a","Finance","Major Banks","https://www.nasdaq.com/symbol/ntrs",
"NOC","Northrop Grumman Corporation","259.88","45120290234.8","n/a","n/a","Capital Goods","Industrial Machinery/Components","https://www.nasdaq.com/symbol/noc",
"NCLH","Norwegian Cruise Line Holdings Ltd.","51.32","11375554403.56","n/a","n/a","Consumer Services","Marine Transportation","https://www.nasdaq.com/symbol/nclh",
"NCLH","Norwegian Cruise Line Holdings Ltd.","51.32","11375554403.56","n/a","n/a","Consumer Services","Marine Transportation","https://www.nasdaq.com/symbol/nclh",
"NVO","Novo Nordisk A/S","46.62","111797293890.24","n/a","n/a","Health Care","Major Pharmaceuticals","https://www.nasdaq.com/symbol/nvo",
"NRG","NRG Energy, Inc.","38.43","11142010822.32","n/a","n/a","Public Utilities","Electric Utilities: Central","https://www.nasdaq.com/symbol/nrg",
"NUE","Nucor Corporation","60.41","18964664741.4","n/a","n/a","Basic Industries","Steel/Iron Ore","https://www.nasdaq.com/symbol/nue",
"NTR","Nutrien Ltd.","51.56","31563398733.88","n/a","2004","Basic Industries","Agricultural Chemicals","https://www.nasdaq.com/symbol/ntr",
"NVDA","NVIDIA Corporation","163.43","99692300000","n/a","1999","Technology","Semiconductors","https://www.nasdaq.com/symbol/nvda",
"NXPI","NXP Semiconductors N.V.","83.37","24635981647.83","n/a","2010","Technology","Semiconductors","https://www.nasdaq.com/symbol/nxpi",
"OXY","Occidental Petroleum Corporation","70.27","53055672663.26","n/a","n/a","Energy","Oil & Gas Production","https://www.nasdaq.com/symbol/oxy",
"ODFL","Old Dominion Freight Line, Inc.","136.73","11177697325.85","n/a","1991","Transportation","Trucking Freight/Courier Services","https://www.nasdaq.com/symbol/odfl",
"OMC","Omnicom Group Inc.","76.97","17249413804.75","n/a","n/a","Technology","Advertising","https://www.nasdaq.com/symbol/omc",
"OKE","ONEOK, Inc.","61.43","25269935532.11","n/a","n/a","Public Utilities","Oil & Gas Production","https://www.nasdaq.com/symbol/oke",
"ORCL","Oracle Corporation","48.76","184733996486.56","n/a","1986","Technology","Computer Software: Prepackaged Software","https://www.nasdaq.com/symbol/orcl",
"ORAN","Orange","16.76","44501839495.2","n/a","n/a","Public Utilities","Telecommunications Equipment","https://www.nasdaq.com/symbol/oran",
"ORLY","O&#39;Reilly Automotive, Inc.","346.78","27778585799.44","n/a","1993","Consumer Services","Other Specialty Stores","https://www.nasdaq.com/symbol/orly",
"IX","Orix Corp Ads","80.98","20759806056","n/a","n/a","Finance","Diversified Financial Services","https://www.nasdaq.com/symbol/ix",
"PCAR","PACCAR Inc.","62.22","21741857895.12","n/a","n/a","Capital Goods","Auto Manufacturing","https://www.nasdaq.com/symbol/pcar",
"PCG","Pacific Gas & Electric Co.","26.38","13682627400.88","n/a","n/a","Public Utilities","Power Generation","https://www.nasdaq.com/symbol/pcg",
"PANW","Palo Alto Networks, Inc.","172.95","16311736185.45","n/a","2012","Technology","Computer peripheral equipment","https://www.nasdaq.com/symbol/panw",
"PH","Parker-Hannifin Corporation","172.04","22769296842.16","n/a","n/a","Capital Goods","Metal Fabrications","https://www.nasdaq.com/symbol/ph",
"PAYX","Paychex, Inc.","70.76","25408638074.4","n/a","1983","Consumer Services","Diversified Commercial Services","https://www.nasdaq.com/symbol/payx",
"PYPL","PayPal Holdings, Inc.","85.81","101114993341.28","n/a","n/a","Miscellaneous","Business Services","https://www.nasdaq.com/symbol/pypl",
"PBA","Pembina Pipeline Corp.","33.67","17040436932.61","n/a","n/a","Energy","Oil & Gas Production","https://www.nasdaq.com/symbol/pba",
"PEP","Pepsico, Inc.","121.94","172126601920","n/a","n/a","Consumer Non-Durables","Beverages (Production/Distribution)","https://www.nasdaq.com/symbol/pep",
"PTR","PetroChina Company Limited","69.5","127199579571","n/a","n/a","Energy","Oil & Gas Production","https://www.nasdaq.com/symbol/ptr",
"PBR","Petroleo Brasileiro S.A.- Petrobras","14.56","94963937650.4","n/a","n/a","Energy","Oil & Gas Production","https://www.nasdaq.com/symbol/pbr",
"PM","Philip Morris International Inc","86.53","134512953153.53","n/a","n/a","Consumer Non-Durables","Farming/Seeds/Milling","https://www.nasdaq.com/symbol/pm",
"PSX","Phillips 66","93.52","43124440019.92","n/a","n/a","Energy","Integrated oil Companies","https://www.nasdaq.com/symbol/psx",
"PDD","Pinduoduo Inc.","22.96","2106254587.92","91735827","2018","Miscellaneous","Business Services","https://www.nasdaq.com/symbol/pdd",
"PNW","Pinnacle West Capital Corporation","89.36","10015445477.04","n/a","n/a","Public Utilities","Electric Utilities: Central","https://www.nasdaq.com/symbol/pnw",
"PXD","Pioneer Natural Resources Company","147.75","25185773649.75","n/a","n/a","Energy","Oil & Gas Production","https://www.nasdaq.com/symbol/pxd",
"PAA","Plains All American Pipeline, L.P.","23.03","16726048835.09","n/a","1998","Energy","Natural Gas Distribution","https://www.nasdaq.com/symbol/paa",
"PNC","PNC Financial Services Group, Inc. (The)","135.78","62652222411.84","n/a","n/a","Finance","Major Banks","https://www.nasdaq.com/symbol/pnc",
"PKX","POSCO","55.22","17670650036.16","n/a","1994","Basic Industries","Steel/Iron Ore","https://www.nasdaq.com/symbol/pkx",
"PPG","PPG Industries, Inc.","109.33","26226608354.57","n/a","n/a","Basic Industries","Paints/Coatings","https://www.nasdaq.com/symbol/ppg",
"PPL","PPL Corporation","30.59","22030915613.98","n/a","n/a","Public Utilities","Electric Utilities: Central","https://www.nasdaq.com/symbol/ppl",
"PFG","Principal Financial Group Inc","49.32","13959951082.92","n/a","2001","Finance","Accident &Health Insurance","https://www.nasdaq.com/symbol/pfg",
"PGR","Progressive Corporation (The)","66.29","38656665676.37","n/a","n/a","Finance","Property-Casualty Insurers","https://www.nasdaq.com/symbol/pgr",
"PLD","Prologis, Inc.","67.34","42392550200","n/a","n/a","Consumer Services","Real Estate Investment Trusts","https://www.nasdaq.com/symbol/pld",
"PRU","Prudential Financial, Inc.","93.76","38722880000","n/a","2001","Finance","Life Insurance","https://www.nasdaq.com/symbol/pru",
"PUK","Prudential Public Limited Company","39.53","51229356118.5","n/a","n/a","Finance","Life Insurance","https://www.nasdaq.com/symbol/puk",
"TLK","PT Telekomunikasi Indonesia, Tbk","25.9","25657114099.4","n/a","n/a","Public Utilities","Telecommunications Equipment","https://www.nasdaq.com/symbol/tlk",
"PTC","PTC Inc.","86.49","10264221507.6","n/a","n/a","Technology","Computer Software: Prepackaged Software","https://www.nasdaq.com/symbol/ptc",
"PEG","Public Service Enterprise Group Incorporated","55.9","28254638789","n/a","n/a","Public Utilities","Power Generation","https://www.nasdaq.com/symbol/peg",
"PSA","Public Storage","213.26","37184971137.4","n/a","n/a","Consumer Services","Real Estate Investment Trusts","https://www.nasdaq.com/symbol/psa",
"QCOM","QUALCOMM Incorporated","58.26","70620592260.36","n/a","1991","Technology","Radio And Television Broadcasting And Communications Equipment","https://www.nasdaq.com/symbol/qcom",
"DGX","Quest Diagnostics Incorporated","88.57","12051906339.85","n/a","n/a","Health Care","Medical Specialities","https://www.nasdaq.com/symbol/dgx",
"QRTEB","Qurate Retail, Inc.","22.8974","10539164783.233","n/a","n/a","Consumer Services","Catalog/Specialty Distribution","https://www.nasdaq.com/symbol/qrteb",
"RJF","Raymond James Financial, Inc.","79.73","11424101967.53","n/a","n/a","Finance","Investment Bankers/Brokers/Service","https://www.nasdaq.com/symbol/rjf",
"RTN","Raytheon Company","175.34","49897731180","n/a","n/a","Capital Goods","Industrial Machinery/Components","https://www.nasdaq.com/symbol/rtn",
"O","Realty Income Corporation","64.09","18914008025.12","n/a","n/a","Consumer Services","Real Estate Investment Trusts","https://www.nasdaq.com/symbol/o",
"RHT","Red Hat, Inc.","178.56","31523484510.72","n/a","n/a","Technology","Computer Software: Programming, Data Processing","https://www.nasdaq.com/symbol/rht",
"REG","Regency Centers Corporation","63.66","10786749401.16","n/a","1993","Consumer Services","Real Estate Investment Trusts","https://www.nasdaq.com/symbol/reg",
"REGN","Regeneron Pharmaceuticals, Inc.","365.65","39575968326.6","n/a","1991","Health Care","Major Pharmaceuticals","https://www.nasdaq.com/symbol/regn",
"RF","Regions Financial Corporation","16.45","17007165448","n/a","n/a","Finance","Major Banks","https://www.nasdaq.com/symbol/rf",
"RELX","RELX PLC","20.98","41312241430.02","n/a","2015","Consumer Services","Publishing","https://www.nasdaq.com/symbol/relx",
"RSG","Republic Services, Inc.","77.34","25102287110.4","n/a","1998","Public Utilities","Environmental Services","https://www.nasdaq.com/symbol/rsg",
"RMD","ResMed Inc.","111.79","15930046940.71","n/a","n/a","Health Care","Medical/Dental Instruments","https://www.nasdaq.com/symbol/rmd",
"QSR","Restaurant Brands International Inc.","58.33","14735345073.83","n/a","2014","Consumer Services","Restaurants","https://www.nasdaq.com/symbol/qsr",
"RIO","Rio Tinto Plc","46.76","80282780477.48","n/a","2002","Basic Industries","Precious Metals","https://www.nasdaq.com/symbol/rio",
"ROK","Rockwell Automation, Inc.","174.34","21040062332.86","n/a","n/a","Capital Goods","Industrial Machinery/Components","https://www.nasdaq.com/symbol/rok",
"RCI","Rogers Communication, Inc.","53.35","21535102977.3","n/a","n/a","Consumer Services","Television Services","https://www.nasdaq.com/symbol/rci",
"ROL","Rollins, Inc.","63.56","13869571309.16","n/a","n/a","Finance","Diversified Commercial Services","https://www.nasdaq.com/symbol/rol",
"ROP","Roper Technologies, Inc.","297.59","30779987841.86","n/a","1992","Capital Goods","Industrial Machinery/Components","https://www.nasdaq.com/symbol/rop",
"ROST","Ross Stores, Inc.","87.6","32706834181.2","n/a","1985","Consumer Services","Clothing/Shoe/Accessory Stores","https://www.nasdaq.com/symbol/rost",
"RY","Royal Bank Of Canada","73.26","105566076924.66","n/a","n/a","Finance","Commercial Banks","https://www.nasdaq.com/symbol/ry",
"RBS","Royal Bank Scotland plc (The)","5.61","33796061910.6","n/a","n/a","Finance","Commercial Banks","https://www.nasdaq.com/symbol/rbs",
"RCL","Royal Caribbean Cruises Ltd.","113.07","23631222495.72","n/a","1993","Consumer Services","Marine Transportation","https://www.nasdaq.com/symbol/rcl",
"RYAAY","Ryanair Holdings plc","82.33","8300986220.41","100825777","1997","Transportation","Air Freight/Delivery Services","https://www.nasdaq.com/symbol/ryaay",
"SPGI","S&P Global Inc.","182.86","45879574000","n/a","n/a","Finance","Finance: Consumer Services","https://www.nasdaq.com/symbol/spgi",
"CRM","Salesforce.com Inc","142.76","109211400000","n/a","2004","Technology","Computer Software: Prepackaged Software","https://www.nasdaq.com/symbol/crm",
"SNY","Sanofi","45.35","112920806235.7","n/a","n/a","Health Care","Major Pharmaceuticals","https://www.nasdaq.com/symbol/sny",
"SAP","SAP SE","103.68","127370880000","n/a","n/a","Technology","Computer Software: Prepackaged Software","https://www.nasdaq.com/symbol/sap",
"SSL","Sasol Ltd.","29.48","18598205760.2","n/a","n/a","Energy","Oil & Gas Production","https://www.nasdaq.com/symbol/ssl",
"SBAC","SBA Communications Corporation","170.81","19356436874.5","n/a","1999","Consumer Services","Real Estate Investment Trusts","https://www.nasdaq.com/symbol/sbac",
"SLB","Schlumberger N.V.","45.1","62454561631","n/a","n/a","Energy","Oilfield Services/Equipment","https://www.nasdaq.com/symbol/slb",
"STX","Seagate Technology PLC","43.09","12332419920.33","n/a","2002","Technology","Electronic Components","https://www.nasdaq.com/symbol/stx",
"SGEN","Seattle Genetics, Inc.","62.58","10021929671.04","n/a","2001","Health Care","Biotechnology: Biological Products (No Diagnostic Substances)","https://www.nasdaq.com/symbol/sgen",
"SRE","Sempra Energy","115.22","31531130778.84","n/a","n/a","Public Utilities","Natural Gas Distribution","https://www.nasdaq.com/symbol/sre",
"NOW","ServiceNow, Inc.","185.27","33218911000","n/a","2012","Technology","Computer Software: Prepackaged Software","https://www.nasdaq.com/symbol/now",
"SHW","Sherwin-Williams Company (The)","424.07","39704112250.19","n/a","n/a","Consumer Services","RETAIL: Building Materials","https://www.nasdaq.com/symbol/shw",
"SHG","Shinhan Financial Group Co Ltd","37.01","17529771214.87","n/a","n/a","Finance","Major Banks","https://www.nasdaq.com/symbol/shg",
"SHPG","Shire plc","175.58","13228939552.24","75344228","n/a","Health Care","Major Pharmaceuticals","https://www.nasdaq.com/symbol/shpg",
"SHOP","Shopify Inc.","152.66","14439453725.3","n/a","2015","Technology","Computer Software: Prepackaged Software","https://www.nasdaq.com/symbol/shop",
"SPG","Simon Property Group, Inc.","185.69","57434736821.35","n/a","n/a","Consumer Services","Real Estate Investment Trusts","https://www.nasdaq.com/symbol/spg",
"SIRI","Sirius XM Holdings Inc.","6.23","27671470260.91","n/a","n/a","Consumer Services","Broadcasting","https://www.nasdaq.com/symbol/siri",
"SKM","SK Telecom Co., Ltd.","28.37","18046683490.46","n/a","n/a","Public Utilities","Telecommunications Equipment","https://www.nasdaq.com/symbol/skm",
"SWKS","Skyworks Solutions, Inc.","72.77","12919003276.15","n/a","n/a","Technology","Semiconductors","https://www.nasdaq.com/symbol/swks",
"SNN","Smith & Nephew SNATS, Inc.","37.26","16292356447.86","n/a","n/a","Health Care","Industrial Specialties","https://www.nasdaq.com/symbol/snn",
"SQM","Sociedad Quimica y Minera S.A.","44","11580647056","n/a","1993","Basic Industries","Mining & Quarrying of Nonmetallic Minerals (No Fuels)","https://www.nasdaq.com/symbol/sqm",
"SNE","Sony Corp Ord","52.82","67023730754.26","n/a","n/a","Consumer Non-Durables","Consumer Electronics/Appliances","https://www.nasdaq.com/symbol/sne",
"SO","Southern Company (The)","47.33","48697301413.72","n/a","n/a","Public Utilities","Electric Utilities: Central","https://www.nasdaq.com/symbol/so",
"SCCO","Southern Copper Corporation","33.48","25881528822.12","n/a","n/a","Basic Industries","Precious Metals","https://www.nasdaq.com/symbol/scco",
"LUV","Southwest Airlines Company","54.61","30707562989.12","n/a","n/a","Transportation","Air Freight/Delivery Services","https://www.nasdaq.com/symbol/luv",
"SEP","Spectra Energy Partners, LP","36.25","17577511573.75","n/a","2007","Public Utilities","Natural Gas Distribution","https://www.nasdaq.com/symbol/sep",
"SPLK","Splunk Inc.","111.73","16382499516.7","n/a","2012","Technology","Computer Software: Prepackaged Software","https://www.nasdaq.com/symbol/splk",
"SPOT","Spotify Technology S.A.","136.38","24518126776.74","n/a","2018","Consumer Services","Broadcasting","https://www.nasdaq.com/symbol/spot",
"S","Sprint Corporation","6.28","25607182555.2","n/a","2013","Public Utilities","Telecommunications Equipment","https://www.nasdaq.com/symbol/s",
"SQ","Square, Inc.","69.84","28878672663.36","n/a","2015","Technology","Computer Software: Prepackaged Software","https://www.nasdaq.com/symbol/sq",
"SSNC","SS&C Technologies Holdings, Inc.","48.15","12055891951.8","n/a","2010","Technology","Computer Software: Prepackaged Software","https://www.nasdaq.com/symbol/ssnc",
"SWK","Stanley Black & Decker, Inc.","130.85","19766213299.9","n/a","n/a","Capital Goods","Industrial Machinery/Components","https://www.nasdaq.com/symbol/swk",
"SBUX","Starbucks Corporation","66.72","82772832000","n/a","1992","Consumer Services","Restaurants","https://www.nasdaq.com/symbol/sbux",
"STT","State Street Corporation","73.02","27713696010.78","n/a","n/a","Finance","Major Banks","https://www.nasdaq.com/symbol/stt",
"STE","STERIS plc","119.08","10062218917.4","n/a","n/a","Health Care","Industrial Specialties","https://www.nasdaq.com/symbol/ste",
"STM","STMicroelectronics N.V.","14.85","13352976652.95","n/a","n/a","Technology","Semiconductors","https://www.nasdaq.com/symbol/stm",
"SYK","Stryker Corporation","175.46","65654901201.56","n/a","n/a","Health Care","Medical/Dental Instruments","https://www.nasdaq.com/symbol/syk",
"SMFG","Sumitomo Mitsui Financial Group Inc","7.33","51148862154.45","n/a","n/a","Finance","Commercial Banks","https://www.nasdaq.com/symbol/smfg",
"SLF","Sun Life Financial Inc.","36.79","22194221147.93","n/a","n/a","Finance","Life Insurance","https://www.nasdaq.com/symbol/slf",
"SU","Suncor Energy  Inc.","32.29","52230626373.05","n/a","n/a","Energy","Integrated oil Companies","https://www.nasdaq.com/symbol/su",
"STI","SunTrust Banks, Inc.","62.69","28165690065.66","n/a","n/a","Finance","Major Banks","https://www.nasdaq.com/symbol/sti",
"SIVB","SVB Financial Group","254.81","13568850107.74","n/a","n/a","Finance","Major Banks","https://www.nasdaq.com/symbol/sivb",
"SYMC","Symantec Corporation","22.11","14125823386.29","n/a","1989","Technology","Computer Software: Prepackaged Software","https://www.nasdaq.com/symbol/symc",
"SYF","Synchrony Financial","25.98","18672649929.72","n/a","2014","Finance","Finance: Consumer Services","https://www.nasdaq.com/symbol/syf",
"SNPS","Synopsys, Inc.","91.94","13661190557.58","n/a","1992","Technology","Computer Software: Prepackaged Software","https://www.nasdaq.com/symbol/snps",
"SYY","Sysco Corporation","67.4","35033685116.2","n/a","n/a","Consumer Non-Durables","Food Distributors","https://www.nasdaq.com/symbol/syy",
"TROW","T. Rowe Price Group, Inc.","99.36","23911450793.28","n/a","1986","Finance","Investment Bankers/Brokers/Service","https://www.nasdaq.com/symbol/trow",
"DATA","Tableau Software, Inc.","124.64","10415893583.36","n/a","2013","Technology","Computer Software: Prepackaged Software","https://www.nasdaq.com/symbol/data",
"TSM","Taiwan Semiconductor Manufacturing Company Ltd.","37.59","194944596840","n/a","1997","Technology","Semiconductors","https://www.nasdaq.com/symbol/tsm",
"TTWO","Take-Two Interactive Software, Inc.","109.67","12488350465.25","n/a","1997","Technology","Computer Software: Prepackaged Software","https://www.nasdaq.com/symbol/ttwo",
"TAL","TAL Education Group","28.07","15912138246.76","n/a","n/a","Consumer Services","Other Consumer Services","https://www.nasdaq.com/symbol/tal",
"TPR","Tapestry, Inc.","38.93","11281757968.56","n/a","n/a","Consumer Non-Durables","Apparel","https://www.nasdaq.com/symbol/tpr",
"TRGP","Targa Resources, Inc.","44.63","10232920150.35","n/a","2010","Public Utilities","Natural Gas Distribution","https://www.nasdaq.com/symbol/trgp",
"TGT","Target Corporation","70.96","37029312468.88","n/a","n/a","Consumer Services","Department/Specialty Retail Stores","https://www.nasdaq.com/symbol/tgt",
"AMTD","TD Ameritrade Holding Corporation","53.81","30261106454.08","n/a","1997","Finance","Investment Bankers/Brokers/Service","https://www.nasdaq.com/symbol/amtd",
"TEL","TE Connectivity Ltd.","76.93","26389605620","n/a","n/a","Consumer Non-Durables","Electronic Components","https://www.nasdaq.com/symbol/tel",
"FTI","TechnipFMC plc","23.09","10423556613.78","n/a","n/a","Energy","Metal Fabrications","https://www.nasdaq.com/symbol/fti",
"TECK","Teck Resources Ltd","20.3","11512719633.8","n/a","n/a","Basic Industries","Mining & Quarrying of Nonmetallic Minerals (No Fuels)","https://www.nasdaq.com/symbol/teck",
"TI","Telecom Italia S.P.A.","6.55","13798989727.95","n/a","n/a","Consumer Services","Telecommunications Equipment","https://www.nasdaq.com/symbol/ti",
"TFX","Teleflex Incorporated","275.42","12664395490.4","n/a","n/a","Health Care","Medical/Dental Instruments","https://www.nasdaq.com/symbol/tfx",
"VIV","Telefonica Brasil S.A.","11.85","20011021245.6","n/a","n/a","Public Utilities","Telecommunications Equipment","https://www.nasdaq.com/symbol/viv",
"TEF","Telefonica SA","9.01","46781106490.86","n/a","1988","Public Utilities","Telecommunications Equipment","https://www.nasdaq.com/symbol/tef",
"TU","TELUS Corporation","35.9","21475415576.9","n/a","n/a","Public Utilities","Telecommunications Equipment","https://www.nasdaq.com/symbol/tu",
"TS","Tenaris S.A.","24.33","14361230536.95","n/a","n/a","Basic Industries","Steel/Iron Ore","https://www.nasdaq.com/symbol/ts",
"TSLA","Tesla, Inc. ","350.48","60188902982","n/a","2010","Capital Goods","Auto Manufacturing","https://www.nasdaq.com/symbol/tsla",
"TEVA","Teva Pharmaceutical Industries Limited","21.54","21943497791.52","n/a","n/a","Health Care","Major Pharmaceuticals","https://www.nasdaq.com/symbol/teva",
"TXN","Texas Instruments Incorporated","99.85","95910242314.3","n/a","n/a","Technology","Semiconductors","https://www.nasdaq.com/symbol/txn",
"TXT","Textron Inc.","56.14","13639858160.88","n/a","n/a","Capital Goods","Aerospace","https://www.nasdaq.com/symbol/txt",
"AES","The AES Corporation","15.49","10258987949.71","n/a","n/a","Basic Industries","Electric Utilities: Central","https://www.nasdaq.com/symbol/aes",
"BX","The Blackstone Group L.P.","33.73","40547015513.03","n/a","2007","Finance","Investment Managers","https://www.nasdaq.com/symbol/bx",
"SCHW","The Charles Schwab Corporation","44.8","60500285484.8","n/a","n/a","Finance","Investment Bankers/Brokers/Service","https://www.nasdaq.com/symbol/schw",
"COO","The Cooper Companies, Inc. ","278.83","13701617532.06","n/a","n/a","Health Care","Ophthalmic Goods","https://www.nasdaq.com/symbol/coo",
"KHC","The Kraft Heinz Company","51.12","62337507589.44","n/a","n/a","Consumer Non-Durables","Packaged Foods","https://www.nasdaq.com/symbol/khc",
"TRV","The Travelers Companies, Inc.","130.37","34532771157.48","n/a","n/a","Finance","Property-Casualty Insurers","https://www.nasdaq.com/symbol/trv",
"TMO","Thermo Fisher Scientific Inc","249.55","100462936128.1","n/a","n/a","Capital Goods","Industrial Machinery/Components","https://www.nasdaq.com/symbol/tmo",
"TRI","Thomson Reuters Corp","50.32","25407404117.12","n/a","n/a","Consumer Services","Publishing","https://www.nasdaq.com/symbol/tri",
"TIF","Tiffany & Co.","91","11092641560","n/a","1987","Consumer Services","Consumer Specialties","https://www.nasdaq.com/symbol/tif",
"TJX","TJX Companies, Inc. (The)","48.85","120906565127.8","n/a","n/a","Consumer Services","Clothing/Shoe/Accessory Stores","https://www.nasdaq.com/symbol/tjx",
"TMUS","T-Mobile US, Inc.","68.45","58072502355.9","n/a","n/a","Public Utilities","Telecommunications Equipment","https://www.nasdaq.com/symbol/tmus",
"TD","Toronto Dominion Bank (The)","55.3","101420270231","n/a","n/a","Finance","Commercial Banks","https://www.nasdaq.com/symbol/td",
"TOT","Total S.A.","55.61","145586648230.74","n/a","n/a","Energy","Oil & Gas Production","https://www.nasdaq.com/symbol/tot",
"TSS","Total System Services, Inc.","87.37","15939910971.79","n/a","n/a","Miscellaneous","Business Services","https://www.nasdaq.com/symbol/tss",
"TM","Toyota Motor Corp Ltd Ord","121.48","174278870500.52","n/a","n/a","Capital Goods","Auto Manufacturing","https://www.nasdaq.com/symbol/tm",
"TSCO","Tractor Supply Company","95.13","11612333977.02","n/a","1994","Consumer Services","RETAIL: Building Materials","https://www.nasdaq.com/symbol/tsco",
"TRP","TransCanada Corporation","40.92","37381623416.28","n/a","n/a","Public Utilities","Natural Gas Distribution","https://www.nasdaq.com/symbol/trp",
"TDG","Transdigm Group Incorporated","361.67","19077526486.45","n/a","2006","Capital Goods","Military/Government/Technical","https://www.nasdaq.com/symbol/tdg",
"TRU","TransUnion","64.57","11964821000","n/a","2015","Finance","Finance: Consumer Services","https://www.nasdaq.com/symbol/tru",
"FOX","Twenty-First Century Fox, Inc.","49.03","90974845863.73","n/a","n/a","Consumer Services","Television Services","https://www.nasdaq.com/symbol/fox",
"FOXA","Twenty-First Century Fox, Inc.","49.47","60399899771.73","n/a","n/a","Consumer Services","Television Services","https://www.nasdaq.com/symbol/foxa",
"TWTR","Twitter, Inc.","31.45","23941320960.05","n/a","2013","Technology","Computer Software: Programming, Data Processing","https://www.nasdaq.com/symbol/twtr",
"TSN","Tyson Foods, Inc.","58.95","21523320567","n/a","n/a","Consumer Non-Durables","Meat/Poultry/Fish","https://www.nasdaq.com/symbol/tsn",
"USB","U.S. Bancorp","54.46","88012419878.6","n/a","n/a","Finance","Major Banks","https://www.nasdaq.com/symbol/usb",
"UBS","UBS AG","13.53","52161221242.35","n/a","2014","Finance","Major Banks","https://www.nasdaq.com/symbol/ubs",
"UDR","UDR, Inc.","42.62","11438805539.34","n/a","n/a","Consumer Services","Real Estate Investment Trusts","https://www.nasdaq.com/symbol/udr",
"ULTA","Ulta Beauty, Inc.","297.79","17799027118.21","n/a","2007","Consumer Services","Other Specialty Stores","https://www.nasdaq.com/symbol/ulta",
"UA","Under Armour, Inc.","22.33","10012021645.01","n/a","2016","Consumer Non-Durables","Apparel","https://www.nasdaq.com/symbol/ua",
"UAA","Under Armour, Inc.","23.88","10706989560.36","n/a","n/a","Consumer Non-Durables","Apparel","https://www.nasdaq.com/symbol/uaa",
"UN","Unilever NV","55.51","148457862148.05","n/a","n/a","Basic Industries","Package Goods/Cosmetics","https://www.nasdaq.com/symbol/un",
"UL","Unilever PLC","54.29","146118691398.38","n/a","n/a","Basic Industries","Package Goods/Cosmetics","https://www.nasdaq.com/symbol/ul",
"UNP","Union Pacific Corporation","153.78","113303584346.04","n/a","n/a","Transportation","Railroads","https://www.nasdaq.com/symbol/unp",
"UAL","United Continental Holdings, Inc.","96.7","26347308640.4","n/a","n/a","Transportation","Air Freight/Delivery Services","https://www.nasdaq.com/symbol/ual",
"UPS","United Parcel Service, Inc.","115.29","99060184908.72","n/a","1999","Transportation","Trucking Freight/Courier Services","https://www.nasdaq.com/symbol/ups",
"UTX","United Technologies Corporation","121.84","105194731049.84","n/a","n/a","Capital Goods","Aerospace","https://www.nasdaq.com/symbol/utx",
"UHS","Universal Health Services, Inc.","137.99","12765782074.29","n/a","n/a","Health Care","Hospital/Nursing Management","https://www.nasdaq.com/symbol/uhs",
"VFC","V.F. Corporation","81.29","32256391849.55","n/a","n/a","Consumer Non-Durables","Apparel","https://www.nasdaq.com/symbol/vfc",
"MTN","Vail Resorts, Inc.","279.18","11308547717.28","n/a","1997","Consumer Services","Services-Misc. Amusement & Recreation","https://www.nasdaq.com/symbol/mtn",
"VALE","VALE S.A.","13.7","70910193063.7","n/a","n/a","Basic Industries","Precious Metals","https://www.nasdaq.com/symbol/vale",
"VLO","Valero Energy Corporation","79.9","33902228535.8","n/a","n/a","Energy","Integrated oil Companies","https://www.nasdaq.com/symbol/vlo",
"VCIT","Vanguard Intermediate-Term Corporate Bond ETF","82.11","18362998207.89","n/a","n/a","n/a","n/a","https://www.nasdaq.com/symbol/vcit",
"VCSH","Vanguard Short-Term Corporate Bond ETF","77.68","20705605942","n/a","n/a","n/a","n/a","https://www.nasdaq.com/symbol/vcsh",
"BND","Vanguard Total Bond Market ETF","78.14","35774290626.52","n/a","n/a","n/a","n/a","https://www.nasdaq.com/symbol/bnd",
"BNDX","Vanguard Total International Bond ETF","54.76","12392740802.2","n/a","n/a","n/a","n/a","https://www.nasdaq.com/symbol/bndx",
"VXUS","Vanguard Total International Stock ETF","50.21","10621110943.17","n/a","n/a","n/a","n/a","https://www.nasdaq.com/symbol/vxus",
"VAR","Varian Medical Systems, Inc.","123.39","11242857408.21","n/a","n/a","Health Care","Biotechnology: Electromedical & Electrotherapeutic Apparatus","https://www.nasdaq.com/symbol/var",
"VEDL","Vedanta  Limited","11.15","10362544819.55","n/a","2013","Capital Goods","Metal Fabrications","https://www.nasdaq.com/symbol/vedl",
"VEEV","Veeva Systems Inc.","96.16","13896022653.92","n/a","2013","Technology","Computer Software: Prepackaged Software","https://www.nasdaq.com/symbol/veev",
"VTR","Ventas, Inc.","63.49","22632138145.89","n/a","n/a","Consumer Services","Real Estate Investment Trusts","https://www.nasdaq.com/symbol/vtr",
"VRSN","VeriSign, Inc.","156.06","18865846357.02","n/a","1998","Technology","EDP Services","https://www.nasdaq.com/symbol/vrsn",
"VRSK","Verisk Analytics, Inc.","123.32","20300955788.12","n/a","2009","Technology","EDP Services","https://www.nasdaq.com/symbol/vrsk",
"VRTX","Vertex Pharmaceuticals Incorporated","180.79","46202337147.65","n/a","1991","Health Care","Major Pharmaceuticals","https://www.nasdaq.com/symbol/vrtx",
"VIA","Viacom Inc.","34.06","13721714427.46","n/a","n/a","Consumer Services","Television Services","https://www.nasdaq.com/symbol/via",
"VIAB","Viacom Inc.","30.86","10722619056.32","n/a","n/a","Consumer Services","Television Services","https://www.nasdaq.com/symbol/viab",
"VST","Vistra Energy Corp.","23.48","11341928063.2","n/a","n/a","Public Utilities","Electric Utilities: Central","https://www.nasdaq.com/symbol/vst",
"VMW","Vmware, Inc.","167.34","68583127620","n/a","2007","Technology","Computer Software: Prepackaged Software","https://www.nasdaq.com/symbol/vmw",
"VOD","Vodafone Group Plc","21.49","10205125555.24","474877876","n/a","Public Utilities","Telecommunications Equipment","https://www.nasdaq.com/symbol/vod",
"VNO","Vornado Realty Trust","71.96","13692966096.04","n/a","n/a","Consumer Services","Real Estate Investment Trusts","https://www.nasdaq.com/symbol/vno",
"VMC","Vulcan Materials Company","105.71","13958774629.36","n/a","n/a","Basic Industries","Mining & Quarrying of Nonmetallic Minerals (No Fuels)","https://www.nasdaq.com/symbol/vmc",
"WPC","W.P. Carey Inc.","67.75","10912050837.75","n/a","n/a","Consumer Services","Real Estate Investment Trusts","https://www.nasdaq.com/symbol/wpc",
"GWW","W.W. Grainger, Inc.","314.04","17686878200.52","n/a","n/a","Consumer Services","Office Equipment/Supplies/Services","https://www.nasdaq.com/symbol/gww",
"WBA","Walgreens Boots Alliance, Inc.","84.67","80365759400.38","n/a","n/a","Health Care","Medical/Nursing Services","https://www.nasdaq.com/symbol/wba",
"DIS","Walt Disney Company (The)","115.49","171926609632.36","n/a","n/a","Consumer Services","Television Services","https://www.nasdaq.com/symbol/dis",
"WCN","Waste Connections, Inc.","78.48","20679798157.92","n/a","n/a","Public Utilities","Environmental Services","https://www.nasdaq.com/symbol/wcn",
"WM","Waste Management, Inc.","93.75","39970033781.25","n/a","n/a","Public Utilities","Environmental Services","https://www.nasdaq.com/symbol/wm",
"WAT","Waters Corporation","198.58","15041585077.6","n/a","1995","Capital Goods","Biotechnology: Laboratory Analytical Instruments","https://www.nasdaq.com/symbol/wat",
"WEC","WEC Energy Group, Inc.","72.48","22869328176.48","n/a","n/a","Public Utilities","Power Generation","https://www.nasdaq.com/symbol/wec",
"WB","Weibo Corporation","63.68","4081081110.72","64087329","2014","Technology","Computer Software: Programming, Data Processing","https://www.nasdaq.com/symbol/wb",
"WCG","WellCare Health Plans, Inc.","254.88","12741927060.96","n/a","2004","Health Care","Medical Specialities","https://www.nasdaq.com/symbol/wcg",
"WELL","Welltower Inc.","72.33","27170360536.95","n/a","n/a","Consumer Services","Real Estate Investment Trusts","https://www.nasdaq.com/symbol/well",
"WDC","Western Digital Corporation","45.39","13136986588.32","n/a","n/a","Technology","Electronic Components","https://www.nasdaq.com/symbol/wdc",
"WBK","Westpac Banking Corporation","19.05","65319083026.8","n/a","n/a","Finance","Commercial Banks","https://www.nasdaq.com/symbol/wbk",
"WRK","Westrock Company","47.11","12092068356.76","n/a","2015","Consumer Durables","Containers/Packaging","https://www.nasdaq.com/symbol/wrk",
"WY","Weyerhaeuser Company","26.41","19786372713.07","n/a","n/a","Consumer Services","Real Estate Investment Trusts","https://www.nasdaq.com/symbol/wy",
"WMB","Williams Companies, Inc. (The)","25.32","30650924224.92","n/a","n/a","Public Utilities","Natural Gas Distribution","https://www.nasdaq.com/symbol/wmb",
"WLTW","Willis Towers Watson Public Limited Company","159.45","20718704508.15","n/a","n/a","Finance","Specialty Insurers","https://www.nasdaq.com/symbol/wltw",
"WIT","Wipro Limited","5.22","23503133389.5","n/a","n/a","Technology","EDP Services","https://www.nasdaq.com/symbol/wit",
"WDAY","Workday, Inc.","164","35588000000","n/a","n/a","Technology","EDP Services","https://www.nasdaq.com/symbol/wday",
"WP","Worldpay, Inc.","85.81","26781994516.42","n/a","2012","Miscellaneous","Business Services","https://www.nasdaq.com/symbol/wp",
"WPP","WPP plc","55.18","13925368378.36","n/a","n/a","Technology","Advertising","https://www.nasdaq.com/symbol/wpp",
"WYNN","Wynn Resorts, Limited","109.4","11895993869.2","n/a","2002","Consumer Services","Hotels/Resorts","https://www.nasdaq.com/symbol/wynn",
"XEL","Xcel Energy Inc.","52.45","26960525441.8","n/a","n/a","Public Utilities","Power Generation","https://www.nasdaq.com/symbol/xel",
"XLNX","Xilinx, Inc.","92.48","23401456868.8","n/a","1990","Technology","Semiconductors","https://www.nasdaq.com/symbol/xlnx",
"XYL","Xylem Inc.","72.98","13115677329","n/a","2011","Capital Goods","Fluid Controls","https://www.nasdaq.com/symbol/xyl",
"YUMC","Yum China Holdings, Inc.","35.83","13582253380.36","n/a","2016","Consumer Services","Restaurants","https://www.nasdaq.com/symbol/yumc",
"YUM","Yum! Brands, Inc.","92.22","28800474209.28","n/a","n/a","Consumer Services","Restaurants","https://www.nasdaq.com/symbol/yum",
"ZBH","Zimmer Biomet Holdings, Inc.","117.02","23869307913.22","n/a","n/a","Health Care","Industrial Specialties","https://www.nasdaq.com/symbol/zbh",
"ZTS","Zoetis Inc.","93.87","45099924293.34","n/a","2013","Health Care","Major Pharmaceuticals","https://www.nasdaq.com/symbol/zts",
"ZTO","ZTO Express (Cayman) Inc.","17.16","13507731820.44","n/a","2016","Transportation","Trucking Freight/Courier Services","https://www.nasdaq.com/symbol/zto",
